load,L,rho_hat,strategic_rho_hat,truthful_reward_per_slot,strategic_reward_per_slot,truthful_utility,strategic_utility,raw_strategic_gain,ic_slack,theory_rho_T_over_L,mean_delay_ms,sla_violation_rate,throughput_mbps,wasted_prbs,seed
0.55,30,0.0,0.0,-4.318225943916429,-4.813582541792055,188121.45931139364,229709.7112010057,41588.25188961206,0.0,0.0,1.25921926692724,0.11972222222222224,9.389763557187688,1.4640288646058488,0
0.55,60,0.0,0.0,-5.116161408333122,-5.767342567095895,205167.32491883793,256696.58319476916,51529.258275931235,0.0,0.0,1.6516614685147555,0.14708333333333332,9.126131252689309,1.9419395951540612,0
0.55,120,0.0,0.0,-5.779818307931193,-6.431952116041334,219106.85086588428,267691.4280245293,48584.57715864503,0.0,0.0,1.900212657553015,0.1683333333333333,9.853774872821534,3.1695462835333355,0
0.55,240,0.0,0.0,-3.8778259528768997,-4.141769550527643,189179.83033308486,232609.8765995002,43430.04626641533,0.0,0.0,1.9053263961253009,0.1275,9.487935851507078,4.264456406408203,0
0.85,30,0.045,0.025,-8.205481188865278,-19.289740209463787,444308.6396053667,510597.5595373411,66288.91993197444,2983.0013969388497,3.6,2.8617239087243673,0.2322222222222222,14.839496371065376,1.4644581760425832,0
0.85,60,0.005,0.0,-8.074598255960003,-18.714822530192187,465140.3164881728,530206.0776696438,65065.761181470996,325.328805907355,0.2,3.0451085843857255,0.2577777777777778,15.241869500269283,2.552442423647308,0
0.85,120,0.0,0.0,-10.516983913293535,-16.676045578936396,448804.16192408255,494271.88657219673,45467.72464811418,0.0,0.0,6.951577685519327,0.3347222222222222,14.032144319329722,2.096650096009365,0
0.85,240,0.00041666666666666664,0.0,-12.94568800575447,-17.50677136981568,519745.2222337441,554356.9840843518,34611.7618506077,14.421567437753206,0.004166666666666667,32.39714072770723,0.3888888888888889,15.36631777992882,2.2396102163777916,0
1.15,30,0.14166666666666666,0.07958333333333334,-15.041250961248943,-23.41518892120878,802602.8500356469,774083.9900460794,0.0,0.0,11.333333333333334,9.177028318482893,0.4427777777777777,20.461490701204568,0.9961074318622755,0
1.15,60,0.1504166666666667,0.08,-11.632834302923607,-22.885337450886375,785334.8042311162,797403.8974440924,12069.093212976237,1815.392770785176,6.0166666666666675,4.062555582145493,0.2865277777777778,20.074216364467873,2.199060348006493,0
1.15,120,0.02833333333333334,0.07583333333333334,-20.206016895440325,-23.471716716645656,864197.7404905518,794793.5122640703,0.0,0.0,0.5666666666666668,23.35879188575793,0.5101388888888889,20.016535764964498,1.3759804774505116,0
1.15,240,0.17375,0.40374999999999994,-13.906683147439587,-16.30639091185379,718810.8236820765,526526.0458253378,0.0,0.0,1.7374999999999998,9.54227089812535,0.4491666666666666,19.460883402696798,3.066515937032734,0
0.55,30,0.0,0.0,-5.102109058612896,-5.2509370876835755,195958.37437652986,215778.32197998013,19819.947603450273,0.0,0.0,1.4368017833414732,0.14097222222222222,9.475860310921313,1.3046620734265237,1
0.55,60,0.0,0.0,-4.460661817877568,-4.532838959561202,185589.97671921097,195581.59278090627,9991.616061695298,0.0,0.0,1.3284971735191313,0.12263888888888888,9.297422797140605,2.3922938316995817,1
0.55,120,0.0,0.0,-2.951328464035156,-3.3487229705367203,192908.39963135446,246614.67507723425,53706.275445879786,0.0,0.0,1.376021791552459,0.11152777777777781,9.129508898392848,2.951084324187094,1
0.55,240,0.0,0.0,-6.31822089142099,-6.421408520069765,212516.6623057992,244016.67172710213,31500.009421302937,0.0,0.0,2.3173368672052943,0.19041666666666668,9.681429007532921,4.636187248782209,1
0.85,30,0.021249999999999998,0.004583333333333333,-7.646250080326148,-14.242118334372323,488309.84833274694,499957.1839784094,11647.335645662446,247.50588247032695,1.6999999999999997,2.6267152435686505,0.24763888888888888,14.720674686818779,1.4665334843604185,1
0.85,60,0.0016666666666666666,0.025,-8.395974732834759,-16.565340147396117,448150.89048712864,480180.6307660952,32029.74027896655,800.7435069741638,0.06666666666666667,3.2439615788551732,0.23583333333333334,14.598323633069594,1.9157789157002383,1
0.85,120,0.0,0.0,-13.585004633400255,-19.284538262190413,490892.8901199514,510537.8259220197,19644.93580206833,0.0,0.0,13.861562802952545,0.42708333333333337,14.719642895130011,2.5467966661560433,1
0.85,240,0.0,0.0,-11.611394471981937,-18.283088385186133,522807.62214478024,526254.4850255258,3446.8628807455534,0.0,0.0,11.818499194633857,0.41208333333333336,14.641331207152387,1.245591817901289,1
1.15,30,0.09916666666666665,0.12833333333333333,-10.627199529315433,-20.596298464873314,750766.588165091,710854.1018559674,0.0,0.0,7.933333333333333,4.158301360242455,0.2890277777777778,19.804713475370495,0.9736315090042794,1
1.15,60,0.16,0.004583333333333333,-10.231945356944177,-20.17597293998815,826072.7313474307,820126.0349161355,0.0,0.0,6.4,5.393277936266507,0.32333333333333336,20.011906862226,1.8298366374884545,1
1.15,120,0.10666666666666665,0.052500000000000005,-16.696825294396803,-23.015854270930316,672208.0825512564,676472.2074703047,4264.124919048278,454.8399913651495,2.133333333333333,14.88535848010435,0.42791666666666667,19.22442666811642,3.204568842620939,1
1.15,240,0.13999999999999999,0.08708333333333333,-19.86384465079406,-24.984019665839053,788887.4596305103,744382.5314127139,0.0,0.0,1.3999999999999997,22.108367328370225,0.5695833333333333,20.020803036991943,2.5604334011329666,1
0.55,30,0.0,0.0,-4.132533383825069,-5.543727452134273,237111.90924817917,289793.15034071205,52681.24109253287,0.0,0.0,1.7148260240158877,0.1376388888888889,9.655330246702562,1.6699085918117784,2
0.55,60,0.0,0.0,-6.860068345238542,-7.024199448588545,204028.2674837748,244833.35908665383,40805.09160287902,0.0,0.0,1.9828126386983058,0.18694444444444444,9.78116730178986,1.525067883052084,2
0.55,120,0.0,0.0,-5.270666970287764,-5.401317424260859,192860.09402954124,216225.42463447974,23365.3306049385,0.0,0.0,2.100756889557624,0.16305555555555554,9.000757158714585,2.584008849231996,2
0.55,240,0.0,0.0,-2.971831012300585,-3.1757303298626174,176265.7255968625,225788.64037217898,49522.91477531649,0.0,0.0,2.060573134538802,0.1284722222222222,9.111019174840195,3.9864302314472644,2
0.85,30,0.0125,0.012916666666666668,-7.118543345296157,-17.65896297946234,514597.56402639416,537532.1940672514,22934.630040857242,296.23897136107274,1.0,2.800794101227959,0.2309722222222222,14.690390013778261,1.1048373481575546,2
0.85,60,0.024166666666666666,0.02,-10.183809517265688,-18.33616191601149,444951.7170319952,487141.75319881947,42190.036166824284,1019.5925406982535,0.9666666666666667,3.020459602022008,0.27152777777777776,14.247479124600261,1.6899256766008157,2
0.85,120,0.08708333333333333,0.05583333333333333,-7.614882344728351,-17.168387505072218,425643.2551017203,496922.31273877015,71279.05763704987,6207.217935893093,1.7416666666666667,5.174132663886394,0.2923611111111111,14.182312097122425,4.332835841466659,2
0.85,240,0.0,0.0,-11.680559903938702,-18.77852619110911,441046.8036482954,511102.7549536179,70055.95130532252,0.0,0.0,13.290182859989915,0.32486111111111116,13.8948456593847,3.4866920614335557,2
1.15,30,0.052083333333333336,0.03,-9.25328729608741,-20.823077357268048,773426.0906715858,749936.6143386391,0.0,0.0,4.166666666666667,3.7900597727754493,0.26708333333333334,19.305482500583906,0.9782901338848703,2
1.15,60,0.07208333333333335,0.07791666666666666,-12.144728220232613,-21.25397565774672,730199.3679878421,695060.9480475734,0.0,0.0,2.8833333333333337,6.844244409775487,0.397638888888889,19.224645540895004,1.4198630895064126,2
1.15,120,0.014583333333333332,0.0,-13.181747957345582,-19.530409048416978,779956.1006842745,740501.2631630976,0.0,0.0,0.29166666666666663,14.967736975490618,0.47347222222222224,19.263984587632006,1.7802551818963555,2
1.15,240,0.0875,0.1,-12.656715918717458,-18.997417842603806,676144.5623779715,684230.2559679709,8085.693589999457,808.5693589999457,0.875,10.05013354184021,0.39555555555555555,19.417164337542367,3.732524386812874,2
0.55,30,0.0,0.004583333333333333,-5.412900331276446,-5.834156829571472,174193.3016002154,200496.02452308964,26302.722922874236,120.55414672984026,0.0,1.1512543611040424,0.13958333333333334,9.768201296963152,1.6951214000917907,3
0.55,60,0.0,0.0,-4.86809946710204,-5.796665655357727,210366.80961173325,272168.30556448596,61801.49595275271,0.0,0.0,1.705901767061119,0.14347222222222222,9.662980527539263,1.9872449496183258,3
0.55,120,0.0,0.0,-4.190773301769989,-4.390269050186578,197385.13891267162,202090.49237307595,4705.353460404323,0.0,0.0,1.3917981321644384,0.12513888888888886,9.157222802660545,3.1397785866287053,3
0.55,240,0.0,0.0,-6.974274315714357,-7.139928367128011,190429.54510520687,243753.0291279917,53323.48402278483,0.0,0.0,1.6355784748713134,0.1775,9.609884300911231,3.6597344168509487,3
0.85,30,0.043333333333333335,0.026250000000000002,-9.128059399041327,-19.82211003483945,535542.7886688297,555622.6108146285,20079.822145798826,870.1256263179491,3.466666666666667,3.093883295569084,0.2555555555555556,15.55001767385607,1.0167873909384177,3
0.85,60,0.0,0.016666666666666666,-9.468293399474843,-16.834511201586885,474963.6737708972,479332.172407861,4368.498636963777,72.80831061606295,0.0,5.836608388630824,0.31430555555555556,14.974056151686863,1.5514407856920713,3
0.85,120,0.05,0.0,-8.918993568252143,-14.17736727162883,410344.4406051637,426984.25228408526,16639.81167892157,831.9905839460786,1.0,6.081016851504522,0.3359722222222222,13.493436454533295,2.430437562947363,3
0.85,240,0.024583333333333332,0.024583333333333332,-15.096942316860526,-20.031211897153636,415172.3083273461,456227.09885651834,41054.79052917223,1009.2636005088171,0.24583333333333332,13.293247655571005,0.41986111111111113,14.20298110336952,4.721434246883828,3
1.15,30,0.004166666666666667,0.042499999999999996,-11.073437503763756,-22.550110720516816,707232.8649139674,683899.7089981523,0.0,0.0,0.3333333333333333,3.6680821673923645,0.2877777777777778,18.67960256727412,0.975542523636215,3
1.15,60,0.03916666666666667,0.025,-11.786397151912707,-21.218723119594234,827089.4938166502,769428.5157975949,0.0,0.0,1.5666666666666667,6.626050768961628,0.4033333333333333,19.64787304857659,1.200545549365919,3
1.15,120,0.002916666666666667,0.0,-19.810577464080126,-20.50089295566902,713668.7717510115,667192.2259260498,0.0,0.0,0.058333333333333334,23.311121976971158,0.5109722222222222,18.95296303365576,1.8320991612159794,3
1.15,240,0.009166666666666667,0.0,-14.30153914066442,-19.925530856299687,708340.7897297397,723710.5678089511,15369.778079211479,140.8896323927719,0.09166666666666666,28.559764909109695,0.38027777777777777,18.469034323323207,3.154790500222074,3
0.55,30,0.0,0.004583333333333333,-4.7297043502147975,-5.869500792026758,239300.8120040859,293424.0349014232,54123.22289733731,248.06477161279602,0.0,1.488614911372474,0.14430555555555555,10.493882605957639,1.6988077814391525,4
0.55,60,0.0,0.0,-4.35632945045467,-5.0902421061045455,189906.71819841777,249573.72513230075,59667.00693388298,0.0,0.0,1.290385886605721,0.12416666666666668,9.275904536377384,2.4284660088079617,4
0.55,120,0.0,0.0,-6.134329372345201,-6.945341447603361,247072.74164697883,294982.5612554698,47909.81960849097,0.0,0.0,2.8564157321377506,0.2041666666666667,10.02882154743676,2.377796692020584,4
0.55,240,0.0,0.0,-5.330616301561961,-5.49620047354489,226209.15311642538,259357.83765961882,33148.684543193434,0.0,0.0,2.209714372453098,0.1738888888888889,9.048694002571176,1.938702014829646,4
0.85,30,0.0125,0.00625,-5.747013046633196,-11.236411290415882,397454.1967738605,431116.73512492987,33662.53835106938,420.78172938836724,1.0,1.9284091556986858,0.15958333333333335,13.693566104685782,1.2469466710221435,4
0.85,60,0.009583333333333334,0.0,-10.046201191683764,-17.728799862187746,478272.8460427238,514098.888406982,35826.0423642582,343.33290599080783,0.3833333333333334,7.341015110117164,0.3184722222222222,14.663719879187635,1.7322804073887519,4
0.85,120,0.0,0.0,-15.481232489027708,-19.886560277040694,442196.029322654,460487.2770498778,18291.24772722379,0.0,0.0,14.967823759431363,0.4555555555555556,14.078026603919085,1.3560819210386414,4
0.85,240,0.0,0.0,-13.3059281110052,-20.110468262955738,484177.15503614064,500959.8735746051,16782.718538464454,0.0,0.0,11.282277955896959,0.4155555555555555,14.468322564957456,2.1719218822136073,4
1.15,30,0.17333333333333334,0.12333333333333334,-13.070912864806758,-21.63530891266602,770394.6325396416,726626.5158129447,0.0,0.0,13.866666666666667,6.976123451548636,0.41291666666666665,20.229191367376153,1.190069692224339,4
1.15,60,0.15708333333333332,0.041249999999999995,-12.956327147599813,-23.12347585883332,897116.4329906008,877516.7262979406,0.0,0.0,6.283333333333333,9.119408096058311,0.37194444444444447,21.62668287704289,2.072257519518673,4
1.15,120,0.06458333333333334,0.10041666666666667,-12.246090353608421,-18.85367293079081,755001.8839668097,713726.2951304725,0.0,0.0,1.291666666666667,12.259486950953399,0.45902777777777776,18.990404966567695,2.500702152020097,4
1.15,240,0.09791666666666667,0.1,-16.060455431555003,-24.126213365100565,712418.5610770968,700966.6624010704,0.0,0.0,0.9791666666666666,13.39671318118442,0.41875,19.88816681416564,3.838301676012302,4
0.55,30,0.0,0.0,-5.3779490813378,-7.473577890929175,241899.6148793526,281304.01457294024,39404.39969358765,0.0,0.0,1.768487287489939,0.16111111111111112,9.990459796680302,1.2277009238676202,5
0.55,60,0.0,0.0,-5.753984047892792,-6.3522981744482605,210942.64308133136,279020.3066649721,68077.66358364074,0.0,0.0,1.8142411057288776,0.16694444444444445,9.633540997560383,2.0198817424404956,5
0.55,120,0.0,0.0,-5.3547480673877175,-5.845423026818675,207475.50400213085,252698.82182609683,45223.317823965976,0.0,0.0,1.5683831486638142,0.15208333333333332,9.301700132490456,2.4066083991844227,5
0.55,240,0.0,0.0,-6.886998598358557,-7.000694905864868,227022.85395989224,241582.99643014738,14560.142470255145,0.0,0.0,2.2535413011495087,0.20347222222222222,9.59814144932184,2.817846456360496,5
0.85,30,0.0,0.00375,-8.15527617723959,-14.94479720544645,498441.44237363175,500271.8606327323,1830.4182591005228,6.86406847162696,0.0,3.1615363402381886,0.2644444444444444,15.30754941451272,1.1965504236479245,5
0.85,60,0.021666666666666667,0.0,-10.964720605955334,-19.51723455176165,453195.0205753288,499829.0605048914,46634.0399295626,1010.4041984738564,0.8666666666666667,4.2051717984797445,0.3026388888888889,14.230134346755595,1.7470774981945312,5
0.85,120,0.00041666666666666664,0.0,-9.948434001315222,-15.08372378232263,417462.55130841833,480183.706086257,62721.154777838674,26.133814490766113,0.008333333333333333,7.056562587664058,0.33166666666666667,13.726681706616512,3.4788421423467355,5
0.85,240,0.01625,0.0,-7.468573660716885,-17.737444849073214,358148.9554005972,515780.5394523025,157631.58405170531,2561.5132408402114,0.1625,2.5031018202249338,0.22722222222222221,15.038142322091113,7.469647890069385,5
1.15,30,0.0675,0.08416666666666667,-11.450966035919889,-22.403492265985975,649292.2169833055,653673.3042469175,4381.08726361196,368.74151135400666,5.4,2.925027188268409,0.22513888888888892,18.66460842414834,1.3345977513201688,5
1.15,60,0.0925,0.08458333333333333,-17.455319549090053,-24.360420608569573,745079.7807091192,704834.6092144852,0.0,0.0,3.7,11.251609118844886,0.45055555555555554,20.38973456415647,1.3203429535539166,5
1.15,120,0.16875,0.05,-16.2879347825439,-23.116004658451434,751249.2612813584,732648.3430144872,0.0,0.0,3.375,13.544469542190006,0.49722222222222234,20.016723371127156,2.6563868796343995,5
1.15,240,0.30625,0.004999999999999999,-15.082870119732064,-25.697751769879815,692204.008501771,744895.9711891767,52691.96268740564,16136.913573017979,3.0625,12.127927150192788,0.385,20.700344990049704,4.955823631571747,5
0.55,30,0.0,0.0,-4.726183356024818,-6.181414299563039,223702.89888980912,278902.4781548319,55199.579265022796,0.0,0.0,1.2712225026160862,0.13347222222222221,10.044242097779563,1.5347322225951536,6
0.55,60,0.0,0.0,-6.5693893965380195,-6.701196533785905,196830.4333167745,228984.60364234305,32154.170325568557,0.0,0.0,1.3649500144719606,0.1584722222222222,9.558548479114341,1.5368509184838754,6
0.55,120,0.0,0.0,-6.646572111807285,-6.948689574195853,217871.06790218232,245437.41149171544,27566.34358953312,0.0,0.0,2.0196882714462934,0.18263888888888888,9.317719226714125,1.3048190903687908,6
0.55,240,0.0,0.0,-4.228201647070202,-4.376094989443287,202107.63693495627,242098.3665170092,39990.72958205294,0.0,0.0,1.4275200931728398,0.1238888888888889,9.136902324590718,2.586184081358052,6
0.85,30,0.054166666666666675,0.04916666666666667,-8.28799893955222,-16.78841653076736,550457.3979004115,568800.7551100019,18343.35720959038,993.5985155194791,4.333333333333334,2.9723535166944766,0.23305555555555557,15.774896633299903,1.3172126690309258,6
0.85,60,0.05,0.0,-9.437937717984124,-17.649985089242378,510571.6201268119,553891.0074580654,43319.3873312535,2165.969366562675,2.0,7.262184577428416,0.3006944444444445,15.217242092437079,1.9964687996279866,6
0.85,120,0.05,0.04708333333333333,-12.18197816072233,-14.724509406414036,502703.76309060294,502601.831071587,0.0,0.0,1.0,18.516738976939553,0.4027777777777778,14.650440160171362,3.488688336137527,6
0.85,240,0.0,0.0,-17.93248901915438,-19.767101653141772,442492.2954104772,445489.542655515,2997.247245037812,0.0,0.0,24.354191787131892,0.5136111111111111,13.38764938702406,2.5171699441798,6
1.15,30,0.07708333333333334,0.08333333333333333,-10.910953982573595,-20.651466584741204,761689.832575012,715212.2193729037,0.0,0.0,6.166666666666667,4.942169024061167,0.3783333333333333,19.27825291232096,0.8635003026966735,6
1.15,60,0.04666666666666667,0.09583333333333333,-18.441276116811974,-27.117736540333365,716318.1038632737,708197.4537987637,0.0,0.0,1.8666666666666667,13.195583918626431,0.4379166666666666,19.52856976964582,1.5859582579313762,6
1.15,120,0.205,0.1625,-21.265577730693533,-25.31531862350561,782129.4393814807,729415.7692486652,0.0,0.0,4.1,20.737035452205586,0.5809722222222222,20.321092382867263,1.9984218565935628,6
1.15,240,0.0,0.0,-20.98270593162378,-21.722355875260092,751124.9991828909,690964.1686801671,0.0,0.0,0.0,35.1318052932298,0.5487500000000001,17.687934305317018,0.5692109302691708,6
0.55,30,0.0,0.0,-4.116472042378638,-4.593618397754694,160527.3184202215,227472.97261169358,66945.65419147207,0.0,0.0,1.0413614546114853,0.11125,8.805222223193365,1.5604025722450556,7
0.55,60,0.0,0.0,-4.533087275848237,-4.844183072335194,189065.1429479355,241312.85176476455,52247.70881682905,0.0,0.0,1.2656773073918492,0.12513888888888888,9.261682760007151,2.1411226405370263,7
0.55,120,0.0,0.0,-6.5749896109720245,-6.795583024341852,215635.10842984222,263398.3406447319,47763.232214889664,0.0,0.0,3.2235372564957308,0.20750000000000002,9.672637013006401,2.638914779147526,7
0.55,240,0.0,0.0,-6.945067078653047,-7.087714792530263,201287.21505263122,222256.787028239,20969.571975607774,0.0,0.0,2.1153355689503046,0.19597222222222221,9.018508536784562,2.8487610151253966,7
0.85,30,0.0,0.002916666666666667,-5.97510640944495,-17.037261270264505,400451.68625988043,477945.7003699703,77494.01411008986,226.02420782109544,0.0,1.9228283403749462,0.15875,14.206087733303594,1.5478987479713138,7
0.85,60,0.025,0.0016666666666666666,-10.663956105539361,-14.508192604451036,464185.52913353173,488004.5603184384,23819.031184906664,595.4757796226667,1.0,9.37085797902877,0.31486111111111115,13.633697223664962,1.9371823439855191,7
0.85,120,0.0,0.0,-10.708163889882659,-17.450458836603442,468494.71408856346,504969.4413005733,36474.727212009835,0.0,0.0,7.152660173034855,0.3484722222222222,14.476885884763709,2.861464132365249,7
0.85,240,0.0,0.012916666666666668,-14.708263906477445,-11.64872833789072,499873.5385753836,337263.1238758203,0.0,0.0,0.0,11.983157021731753,0.4490277777777777,15.18192401862819,1.9444818563672996,7
1.15,30,0.052500000000000005,0.04041666666666667,-12.2504686271244,-23.520757762532465,749003.4496979739,730858.429835457,0.0,0.0,4.2,3.6963004570622444,0.28180555555555553,18.68020475783871,0.9805369333124359,7
1.15,60,0.15,0.095,-15.927263039081373,-26.254477221509934,705266.0546515712,725313.538275409,20047.48362383782,3007.122543575673,6.0,5.369011780466151,0.35291666666666666,20.59176815680296,2.5739487809725796,7
1.15,120,0.06291666666666666,0.0,-15.901199356307009,-19.790818040083828,745061.4659709253,706195.044366752,0.0,0.0,1.2583333333333333,18.826236485784136,0.4763888888888889,19.640382281734706,2.723629562611951,7
1.15,240,0.0,0.04,-12.831852468219848,-20.175902999079458,685922.6642914639,655746.9585088308,0.0,0.0,0.0,11.185216916683967,0.4215277777777778,18.634116508025862,2.1892309434402604,7
0.55,30,0.0,0.0,-4.984272152339246,-6.120355119439619,188783.1566022404,232613.4955605495,43830.33895830909,0.0,0.0,1.807498096494991,0.14402777777777778,9.361199377469026,1.1991364266697713,8
0.55,60,0.0,0.0,-6.0814389182148405,-6.4886194559040264,174897.60099273082,226046.95733683745,51149.356344106636,0.0,0.0,1.3490894460121592,0.15069444444444444,9.06272626122389,2.245956527828049,8
0.55,120,0.0,0.004583333333333333,-6.680773895317603,-7.259391142422564,203507.42949589927,245575.75554851105,42068.32605261178,192.81316107447066,0.0,1.7696025994828577,0.17972222222222223,9.679744321447927,3.280557412440359,8
0.55,240,0.0,0.00041666666666666664,-5.98053850911204,-6.3212660072747,253655.4583720646,259878.30471679606,6222.846344731457,2.592852643638107,0.0,2.175353762132342,0.17625000000000002,10.185484232098878,3.5693254261965803,8
0.85,30,0.013750000000000002,0.0125,-8.085039539703825,-19.471676234654026,475837.890696773,537733.5827129738,61895.6920162008,851.0657652227611,1.1000000000000003,2.956774158419422,0.20472222222222225,14.508459141272738,1.3514024401214049,8
0.85,60,0.017083333333333332,0.0,-11.54112915948158,-18.992053643221208,510346.6277547791,516248.4516136027,5901.823858823569,100.82282425490263,0.6833333333333333,6.34058891814451,0.40486111111111106,14.670155641484849,1.1927647969959085,8
0.85,120,0.0,0.0,-13.552349299081872,-20.37726274399447,445394.4319798148,480589.87988513237,35195.44790531759,0.0,0.0,10.49967911412593,0.39125,13.998783989366817,2.1953838905751164,8
0.85,240,0.0,0.0,-13.929800327482914,-17.8109139047106,498550.84517691296,504693.75086398405,6142.905687071092,0.0,0.0,20.849896814872178,0.43875000000000003,13.912796423152113,3.426917483824181,8
1.15,30,0.11041666666666668,0.11291666666666667,-10.70658038430585,-19.316120908532064,905243.2764283108,828620.7678441885,0.0,0.0,8.833333333333334,5.30118314516788,0.3556944444444444,19.692727013708378,1.117126751289409,8
1.15,60,0.05,0.05,-17.281590460050992,-25.430284101427052,711699.4412417733,668989.2972584793,0.0,0.0,2.0,9.66690453051476,0.4918055555555556,20.253129365837186,1.3705664752143698,8
1.15,120,0.0024999999999999996,0.0020833333333333333,-20.835753809405727,-22.695381272326753,702482.834232051,658825.7665578055,0.0,0.0,0.049999999999999996,47.618762814752564,0.5061111111111111,18.11847380023008,2.0758990941755364,8
1.15,240,0.22166666666666668,0.11666666666666667,-13.486063285882963,-20.114638160202745,758646.2489012945,704419.1765412986,0.0,0.0,2.216666666666667,9.083240103538497,0.4327777777777778,19.85353630134323,4.228151389123072,8
0.55,30,0.0,0.0,-5.718690355420832,-6.044466455295541,174419.27993364964,242078.84189979578,67659.56196614614,0.0,0.0,1.4370983401800366,0.14125,9.675310064746864,1.4758413016087875,9
0.55,60,0.0,0.0,-5.386270914506445,-5.678466778207138,199351.60779228754,231289.8770349188,31938.26924263127,0.0,0.0,1.716364800332761,0.13930555555555554,9.834573380376195,1.9312339174255158,9
0.55,120,0.0,0.0,-3.863181732460632,-4.152545248576573,212902.24810467963,251606.8784394369,38704.63033475727,0.0,0.0,1.8492327140448404,0.13763888888888892,9.242819038514465,2.861957440129236,9
0.55,240,0.0,0.0,-6.58664359587015,-6.718436704832798,225254.04295210383,222196.04009894666,0.0,0.0,0.0,2.1120974749742465,0.1802777777777778,9.699836249753213,2.8838400473607813,9
0.85,30,0.005,0.0125,-9.693662206207403,-20.083013044765195,507014.87598030764,542880.413379945,35865.53739963734,448.3192174954668,0.4,4.647908337216194,0.2759722222222222,15.054132911746013,0.9652026247396176,9
0.85,60,0.025,0.025,-7.605953131788066,-18.040592539534543,424028.72319348884,501674.1992383092,77645.47604482033,1941.1369011205084,1.0,4.12205874201579,0.29166666666666663,14.65439343705879,2.3902637249547865,9
0.85,120,0.0025,0.0,-9.025872517134237,-19.19137122910445,459023.3389615543,530723.5913408205,71700.25237926625,179.25063094816565,0.05,4.35838052171872,0.2829166666666667,15.172933664712593,3.4797335828571776,9
0.85,240,0.0,0.0,-14.408573409876283,-18.91899748738755,508933.4117989128,518462.7870577169,9529.375258804124,0.0,0.0,16.060799073990246,0.43069444444444444,14.298003886255103,1.131458431943963,9
1.15,30,0.18583333333333335,0.07041666666666666,-13.430474950134066,-20.596289576387086,847756.4215449295,791333.3807357148,0.0,0.0,14.866666666666669,10.351554388416558,0.46416666666666667,20.001422289384845,0.44035602673105395,9
1.15,60,0.10833333333333332,0.025,-15.543237652014504,-23.77568181461937,784520.7693522864,755319.9078419678,0.0,0.0,4.333333333333333,8.821563228304367,0.4409722222222222,20.54986949494783,1.3774763917781745,9
1.15,120,0.1404166666666667,0.07333333333333333,-16.820322880930807,-22.518182298360895,818561.2071438032,774837.4964077027,0.0,0.0,2.808333333333334,15.494245840925169,0.4611111111111111,19.995325659412934,2.716004620095665,9
1.15,240,0.21333333333333332,0.03208333333333334,-14.118198782460034,-22.886782739403376,758041.9668357385,754409.1670257156,0.0,0.0,2.1333333333333333,8.81135008210982,0.4320833333333334,20.606410232551113,4.938936819508193,9
0.55,30,0.0008333333333333333,0.0,-4.105621966385092,-6.417605569075291,249369.79980754273,286868.87861443404,37499.07880689131,31.24923233907609,0.06666666666666667,1.470875594800615,0.125,10.089293825300427,1.5150373166914086,10
0.55,60,0.0,0.0,-5.4920819238217105,-5.777415693205988,185561.4818619176,241324.48673484963,55763.00487293204,0.0,0.0,1.3228998563452101,0.14625,9.474548976282998,2.4506251740206455,10
0.55,120,0.0,0.0,-6.92123570701924,-6.981264616569233,230411.73673394753,257149.09625429587,26737.359520348342,0.0,0.0,2.3556286404593796,0.2047222222222222,9.39299696942384,2.407311057889293,10
0.55,240,0.0,0.0,-5.838744851942468,-6.181579524172078,189736.76453974284,232795.73081565223,43058.96627590939,0.0,0.0,1.3468693077338907,0.14694444444444443,9.805141778566108,3.5306078675482504,10
0.85,30,0.04083333333333333,0.025,-9.082039187274834,-18.979049047095778,531479.1295191962,561554.3439141129,30075.214394916664,1228.0712544590972,3.2666666666666666,3.365309045684333,0.25527777777777777,16.19221326723328,1.0878194900664921,10
0.85,60,0.0,0.0,-9.559151796095477,-18.194325463265933,496300.7452248368,503680.34496999654,7379.599745159736,0.0,0.0,5.321805919279373,0.375,14.289775946830535,1.7925206396910487,10
0.85,120,0.0,0.0,-8.613463424156562,-17.594624490486048,450389.5784693321,491113.25371632277,40723.67524699069,0.0,0.0,4.688700980784812,0.2952777777777778,14.233931482416654,2.6080631763156843,10
0.85,240,0.010833333333333334,0.0,-11.269677407340435,-20.98753719445416,402190.5552215446,486391.8367948986,84201.28157335403,912.1805503780021,0.10833333333333334,3.873460609220744,0.2618055555555555,14.789160984345369,5.727988442100132,10
1.15,30,0.11375000000000002,0.07291666666666666,-12.461318064224185,-22.020264939936695,884986.3887226906,829200.3480198198,0.0,0.0,9.100000000000001,4.71295324305075,0.4133333333333333,19.910479952253297,0.910338205256682,10
1.15,60,0.10041666666666667,0.03208333333333333,-15.214144281461031,-23.835816263963267,707201.9701058653,720486.7837824294,13284.81367656414,1334.0167066883157,4.016666666666667,10.100657682978646,0.37583333333333335,19.826472671645732,1.928435074933701,10
1.15,120,0.05,0.00125,-15.469118036749679,-16.709361413337454,768208.8753241304,735398.2957435279,0.0,0.0,1.0,23.676589901073342,0.5563888888888888,19.72362116091826,1.397761996551825,10
1.15,240,0.0,0.0,-15.40207113397271,-19.216807189091416,682745.1985619683,654422.1513750706,0.0,0.0,0.0,23.893332853268,0.4294444444444445,18.651125061850795,3.3751532180031076,10
0.55,30,0.0,0.0,-4.442415415731549,-4.9908967300312,196252.7480971604,225602.5166452418,29349.768548081396,0.0,0.0,1.417676491267094,0.1336111111111111,9.127554074373077,1.284445495441163,11
0.55,60,0.0,0.0,-4.639448669470436,-4.713370897686742,179090.65246589266,192108.90493005238,13018.252464159712,0.0,0.0,1.4107015352761887,0.13194444444444448,9.313422789195874,2.0570575254510697,11
0.55,120,0.0,0.0,-3.1926774007330123,-3.1121974716695564,207149.672136616,203902.80317819316,0.0,0.0,0.0,1.4118840125114582,0.10569444444444447,9.723233979744935,3.167552718310185,11
0.55,240,0.0,0.0,-5.105369028949318,-5.1815240763666495,188737.74417158173,140346.05279160582,0.0,0.0,0.0,1.451262351342879,0.1488888888888889,9.259810549245756,3.855107140904594,11
0.85,30,0.0,0.0,-8.333389974498552,-18.254023501478514,441984.6136027637,472791.6404391093,30807.026836345613,0.0,0.0,2.753643720925881,0.24305555555555552,14.108708584896954,0.8939430153741761,11
0.85,60,0.026250000000000002,0.05,-8.27221089145185,-16.322156908811426,489521.10963166825,524261.6051297513,34740.495498083066,1737.0247749041534,1.05,3.3227660453311727,0.26069444444444445,14.679999074123439,2.037843120231307,11
0.85,120,0.05208333333333333,0.0,-13.627785311989442,-14.130564621577756,455417.3652167213,470477.61327333504,15060.248056613724,784.3879196152981,1.0416666666666665,11.189366166367291,0.42388888888888887,14.65819238313873,3.671688387071119,11
0.85,240,0.0,0.0,-15.606572123202367,-19.64805222425471,435458.1856985161,458943.9980022006,23485.812303684535,0.0,0.0,17.634413168795266,0.4459722222222222,13.644888634418397,1.7398254306149288,11
1.15,30,0.09875,0.0475,-13.533153741425451,-22.051154851710944,836395.7384916312,776245.4764876497,0.0,0.0,7.9,5.323664751034913,0.39194444444444443,20.308830954756296,0.7411013518191952,11
1.15,60,0.10916666666666668,0.1,-16.31484317933669,-21.381613947182455,845984.1822750856,820380.7313142887,0.0,0.0,4.366666666666666,13.967861402526779,0.47805555555555557,19.804984738194584,1.2338995508289674,11
1.15,120,0.14041666666666666,0.2,-16.883920825048687,-23.016878662304528,728063.3141197488,712620.5805875154,0.0,0.0,2.808333333333333,12.23798883857126,0.46708333333333324,19.780545699229343,2.7029220482873635,11
1.15,240,0.035833333333333335,0.1,-18.186676304056917,-24.41024858105676,632091.6657849846,641985.7464728258,9894.080687841168,989.4080687841168,0.35833333333333334,21.213473569654305,0.3951388888888889,19.16657980717182,4.598292613539355,11
0.55,30,0.0,0.0,-5.62095660555579,-6.2548410359704105,194670.3325032715,263140.7196161734,68470.38711290192,0.0,0.0,1.3495406902647913,0.14833333333333334,9.767198367133819,1.4577016973105916,12
0.55,60,0.0,0.0,-5.080982109507222,-6.807723956297849,257524.99778141483,284939.80526666174,27414.807485246914,0.0,0.0,2.4316031474895174,0.18416666666666665,9.676634931143445,1.6842583747881914,12
0.55,120,0.0,0.0,-5.494476510176246,-5.986317272104169,181327.51627111755,235927.63311404863,54600.11684293108,0.0,0.0,1.67241935422456,0.15402777777777776,9.243075130514203,3.4944407392977253,12
0.55,240,0.0,0.0,-6.998385813020819,-7.930232657614185,239509.4843898685,280637.44380950404,41127.95941963553,0.0,0.0,4.363420632466788,0.20680555555555555,9.47848044748694,1.697335361106052,12
0.85,30,0.0,0.0,-7.820680509277103,-18.6305585912113,435929.79659594584,504215.6917634167,68285.89516747085,0.0,0.0,2.20816053875455,0.18486111111111111,14.156028535954244,1.2442976982126257,12
0.85,60,0.05,0.003333333333333333,-12.768313269874833,-19.86230291507527,534054.2145823247,548465.8476246482,14411.63304232352,720.581652116176,2.0,9.938908294406676,0.39444444444444443,15.14298155456321,2.2267284954976025,12
0.85,120,0.0,0.0008333333333333333,-13.374859719048642,-17.88592670745836,535461.6429855736,557669.9806171629,22208.337631589267,18.506948026324388,0.0,16.157678961213474,0.41194444444444445,15.093645186094372,1.9714406395931263,12
0.85,240,0.0,0.0,-16.70046730430186,-21.308659661508617,493352.67368568876,513506.0916923712,20153.41800668242,0.0,0.0,18.28571185816049,0.4461111111111111,14.540945553005937,2.059883676648432,12
1.15,30,0.04083333333333334,0.12833333333333335,-14.567594917721113,-19.11815546072572,802840.5185866896,719411.4692460457,0.0,0.0,3.266666666666667,8.756589365047656,0.41930555555555554,19.73608111862794,1.0034197251290737,12
1.15,60,0.025833333333333337,0.08499999999999999,-8.031925086214716,-16.918840307278987,632446.0890230434,626170.2692616686,0.0,0.0,1.0333333333333334,3.720904343350395,0.2602777777777778,17.275337083169905,2.22073282997362,12
1.15,120,0.12666666666666665,0.06916666666666667,-14.072220069493717,-21.525446373265513,796267.7633887086,767455.4309162642,0.0,0.0,2.5333333333333328,11.372189957148606,0.4722222222222222,19.80377754684943,2.6289902931236906,12
1.15,240,0.06000000000000001,0.04833333333333333,-16.686643371550698,-20.01618992539337,761772.5437649535,760260.992312182,0.0,0.0,0.6000000000000001,11.127365519459811,0.43888888888888894,19.391368108846947,3.1584487115068525,12
0.55,30,0.0,0.0,-4.2716701775251975,-4.916451980476357,207025.03252859937,240543.3437270014,33518.31119840202,0.0,0.0,1.2117052417805638,0.12250000000000001,9.514223163742283,1.6758003807796953,13
0.55,60,0.0,0.0,-5.717929583745454,-5.967855021571887,211366.143152718,261567.8464551657,50201.70330244771,0.0,0.0,2.1115511687224013,0.17444444444444446,9.658967293146906,1.9825668944143415,13
0.55,120,0.0,0.0,-7.690874279489076,-8.157740972553714,237875.41754681282,282113.7065901012,44238.28904328836,0.0,0.0,2.9261093472212494,0.2188888888888889,9.72129660098224,1.5220337213168775,13
0.55,240,0.0,0.0,-5.598314199605959,-5.730590017167916,219668.03238381282,250356.41585719906,30688.38347338623,0.0,0.0,2.357358336698177,0.17444444444444446,9.31191286837198,2.1975684953146817,13
0.85,30,0.025416666666666664,0.0325,-7.492315260247095,-17.93525334042616,494790.6218266623,535305.0957347654,40514.47390810313,1316.7204020133518,2.033333333333333,2.388345884368829,0.20611111111111108,14.8772229741928,1.0798211013681616,13
0.85,60,0.010416666666666668,0.005833333333333334,-9.717369717680352,-14.246115724964023,447701.81383924634,477035.13808568986,29333.324246443517,305.55546090045334,0.41666666666666674,4.861146479611714,0.3031944444444445,15.236085039554535,2.3805353776240823,13
0.85,120,0.05333333333333333,0.05,-9.015417115573847,-14.912255424175354,480256.1591131629,522226.5766284714,41970.41751530848,2238.422267483119,1.0666666666666667,5.520037590609557,0.3138888888888889,14.266486010609594,3.4189030448429505,13
0.85,240,0.011666666666666667,0.0,-10.3610535787943,-14.849751788718795,437211.67392346147,505846.32561053743,68634.65168707597,800.7376030158863,0.11666666666666667,10.898254356206705,0.3547222222222222,14.342032495479469,4.3512173229220235,13
1.15,30,0.07166666666666667,0.025,-11.586604660223179,-22.50293504571077,804155.8653417069,778308.0235075337,0.0,0.0,5.733333333333333,4.332327741458562,0.28888888888888886,19.791370555733895,1.0742735005585993,13
1.15,60,0.1275,0.07541666666666666,-17.27432630112446,-24.04084138322142,847332.7191636976,807720.2579908938,0.0,0.0,5.1,10.352939516621383,0.5080555555555556,20.48633388422987,1.203043845351559,13
1.15,120,0.08166666666666667,0.04583333333333333,-15.337645331206968,-25.71172234336816,715616.8435060675,728519.2676098726,12902.424103805097,1053.6979684774162,1.6333333333333333,6.5908192377499235,0.3590277777777777,19.86723381363129,2.7366543321652115,13
1.15,240,0.20166666666666666,0.00125,-17.013056522154184,-24.808782866821232,711773.5955707929,773510.667719192,61737.07214839908,12450.309549927148,2.0166666666666666,11.615057150822398,0.37625000000000003,19.989143761166844,5.148438339134076,13
0.55,30,0.0,0.0,-5.203058725820837,-6.668056961124779,216934.1976528214,270320.6891764162,53386.4915235948,0.0,0.0,1.5845304170673797,0.15180555555555558,9.576048842222379,1.419899647327545,14
0.55,60,0.0,0.0,-5.430198130679911,-5.828747427907453,209654.91212546625,244370.25392201633,34715.341796550085,0.0,0.0,1.6505812858156887,0.1547222222222222,9.29369943986153,1.3828250791512904,14
0.55,120,0.0,0.0,-6.622060990564222,-6.593126284556144,239472.71888374793,293874.70579309465,54401.98690934671,0.0,0.0,3.652319490918164,0.2031944444444444,9.886413940172075,2.793219168428659,14
0.55,240,0.0,0.0,-6.064769261166809,-6.453537431599022,202444.45050033828,252112.98312974686,49668.53262940858,0.0,0.0,2.4986702039481847,0.1880555555555556,9.639880362699117,5.393880931626843,14
0.85,30,0.0,0.003333333333333333,-7.777461295560767,-17.028412557407716,475983.21244090755,499935.93159813253,23952.719157224987,79.84239719074995,0.0,2.3794536280736134,0.18555555555555556,14.78573475586621,1.414109280728972,14
0.85,60,0.00041666666666666664,0.0020833333333333333,-10.005361486045784,-10.525414436825708,449465.84987857874,393385.73982974375,0.0,0.0,0.016666666666666666,5.3690463892548905,0.3572222222222222,13.434860273920355,1.5710573489622361,14
0.85,120,0.0,0.0,-10.266565860053488,-17.720200040656255,443311.0002182525,477903.5297810353,34592.529562782845,0.0,0.0,10.324975915783458,0.36125,13.600775846525995,2.2888290109200953,14
0.85,240,0.0,0.0,-18.543883056912335,-20.231062363637363,532331.1233467961,529587.9508836607,0.0,0.0,0.0,38.18087541864759,0.5075,14.526331840044268,1.9145200222086445,14
1.15,30,0.06583333333333333,0.06333333333333332,-12.27289899526621,-21.183602912948352,860218.9734393447,821282.1349913675,0.0,0.0,5.266666666666666,7.903253280127996,0.3595833333333333,20.363551874576896,1.1397215997652639,14
1.15,60,0.08333333333333333,0.02375,-15.665903976906764,-22.543373344481385,753956.7372151552,712896.0712698989,0.0,0.0,3.3333333333333335,8.770892441208721,0.43805555555555553,19.48336606026963,1.1644689977473355,14
1.15,120,0.12333333333333334,0.10083333333333333,-14.450900539140608,-22.391185420479154,683849.7458071965,690238.3875258161,6388.6417186196195,787.9324786297531,2.466666666666667,9.89245827183328,0.42625,19.706377199531264,3.693718371560177,14
1.15,240,0.0,0.0,-14.819810994514846,-18.698097988326353,676924.7299756914,651820.6197344156,0.0,0.0,0.0,16.008161082772514,0.48305555555555557,18.36139816697651,4.723761528442397,14
0.55,30,0.0,0.0,-3.9466302780191116,-4.570157700255776,180955.46127033766,254823.29235045743,73867.83108011977,0.0,0.0,1.1381541831390376,0.11222222222222222,9.043624880977461,1.39218218149206,15
0.55,60,0.0,0.0,-5.385766423142031,-6.046196652384518,223298.62127020638,275154.4812832554,51855.86001304901,0.0,0.0,1.6898654579386605,0.15694444444444444,9.622069674338501,1.9551111358886353,15
0.55,120,0.0,0.0,-6.730119721986731,-7.166434922947559,220038.0066488294,278113.78853834677,58075.781889517355,0.0,0.0,2.1129525065996546,0.18305555555555555,9.722005553163854,1.9399916815020712,15
0.55,240,0.00041666666666666664,0.0,-6.465227511061041,-6.79489858399394,203487.29132421134,258353.31169214015,54866.02036792881,22.860841819970336,0.004166666666666667,2.2829291763996618,0.1848611111111111,9.45158474747981,3.7118990811163877,15
0.85,30,0.021666666666666667,0.0125,-7.693527750059996,-16.298351046589474,469981.3550143233,507506.73837558075,37525.38336125744,813.0499728272446,1.7333333333333334,2.4711761660871567,0.20055555555555554,14.499214114388725,1.2399576922249527,15
0.85,60,0.025,0.0008333333333333333,-6.254543662950873,-11.670242310369131,402169.1795613033,447129.5254776667,44960.34591636341,1124.0086479090853,1.0,2.518484417251542,0.21055555555555552,13.44795122682146,2.1985115248357383,15
0.85,120,0.0,0.02375,-9.067564032224803,-15.883618226614159,455617.7712044886,458824.4932653757,3206.722060887143,76.15964894606965,0.0,5.2250145737535085,0.31500000000000006,15.113221804958954,2.67870728358897,15
0.85,240,0.0,0.0,-14.680548410333662,-17.50272055950521,508216.0701903279,516851.4590291522,8635.388838824292,0.0,0.0,23.43606560690327,0.42555555555555546,13.946696246067287,2.2657159107615303,15
1.15,30,0.12083333333333332,0.06666666666666667,-14.34821930631786,-20.79259105033724,875374.9821581349,827813.3785424198,0.0,0.0,9.666666666666664,10.673066579377974,0.4834722222222222,20.937087901129438,0.7947074744098439,15
1.15,60,0.030416666666666668,0.060833333333333336,-10.497836474193134,-21.239078300952364,694015.8923697128,653510.7466486968,0.0,0.0,1.2166666666666666,3.6139131641417146,0.27888888888888885,18.86284067172459,2.1046609842957635,15
1.15,120,0.15,0.06916666666666667,-23.558750656963166,-25.107252081191696,803593.4845795081,753691.2313647026,0.0,0.0,3.0,28.790483373212616,0.6077777777777779,20.404769188134225,0.7657613440712753,15
1.15,240,0.00041666666666666664,0.0,-15.924721982087755,-21.88436133915725,710466.7100347272,671504.4889877081,0.0,0.0,0.004166666666666667,15.627105136945989,0.4288888888888889,18.992716215247064,2.553051555502745,15
0.55,30,0.0,0.0,-5.6332942943205175,-6.9444402512837256,203395.53017580678,245800.9230053024,42405.39282949563,0.0,0.0,1.5836961691364588,0.1583333333333333,9.348893918890365,1.4945045113157667,16
0.55,60,0.0,0.0,-6.7827941658352024,-8.174089748458016,227937.376250008,277062.75190638605,49125.37565637805,0.0,0.0,1.8490347959252802,0.17680555555555555,10.401420227932814,2.098757491788018,16
0.55,120,0.0,0.0,-6.183660858542055,-6.307498838304773,230094.2580041576,260967.56019839016,30873.302194232558,0.0,0.0,1.820661139162614,0.1725,9.37403820628827,1.5341134019871439,16
0.55,240,0.0,0.0,-7.198120687814456,-7.420853762624424,227141.23794762473,257848.29646390633,30707.0585162816,0.0,0.0,3.459240131363779,0.23180555555555554,9.399355788307375,2.9193095481619467,16
0.85,30,0.04666666666666667,0.029166666666666664,-8.354355382135772,-19.046408890910808,440491.29251970816,495808.65952617,55317.367006461835,2581.477126968219,3.7333333333333334,2.951805837063274,0.21208333333333335,14.932766291377254,1.3875975524605177,16
0.85,60,0.025416666666666664,0.0,-9.04145823238424,-14.678069136122497,479491.11399464036,520438.5531938829,40947.439199242566,1040.7474129807485,1.0166666666666666,5.338248426839035,0.32305555555555554,14.874873651391999,2.5364155212970907,16
0.85,120,0.0,0.0,-16.63246872085273,-19.44223601293211,513872.14942452166,519519.33519279264,5647.1857682709815,0.0,0.0,20.203974694512983,0.4844444444444444,14.70163167925073,1.957507758543446,16
0.85,240,0.0,0.0,-12.302368862747016,-17.467153585180213,414437.6346613073,479800.7588762112,65363.12421490386,0.0,0.0,9.302378291057138,0.39486111111111116,13.804459026640448,2.4879492425240564,16
1.15,30,0.12375,0.03791666666666667,-15.49194562065969,-23.71238903044655,855692.6806359924,816468.0322718421,0.0,0.0,9.9,7.754366624469197,0.4372222222222223,20.70464663858227,0.7833701143796044,16
1.15,60,0.11000000000000001,0.05333333333333333,-12.781391446831828,-20.101938198005232,778889.7943720418,757643.6953929872,0.0,0.0,4.400000000000001,10.441916426967419,0.4956944444444445,19.868678729458686,1.2893973346859608,16
1.15,120,0.06958333333333333,0.01125,-13.704005901472517,-23.20204281262214,784134.3843910778,752836.414075899,0.0,0.0,1.3916666666666666,10.188967167216656,0.4176388888888889,19.964354583114424,1.811370294985693,16
1.15,240,0.03666666666666667,0.0,-17.507194547860873,-19.85615460213232,852940.9149618745,797315.8146940508,0.0,0.0,0.36666666666666664,63.011201320034445,0.4761111111111111,19.38285231483045,4.211802484640016,16
0.55,30,0.0,0.0,-5.602660523218489,-6.046770822424095,208264.55776253878,246076.89444231841,37812.33667977963,0.0,0.0,1.3688558653081286,0.15375,9.347528619865914,1.1180136919433263,17
0.55,60,0.0,0.0,-3.8648359726532955,-4.220423948158738,222419.15086851633,264468.1425436928,42048.991675176454,0.0,0.0,1.709541063913892,0.13291666666666666,9.496255152736428,2.084611438348378,17
0.55,120,0.0,0.0,-4.5338918477223755,-4.593236002072002,228194.21513351126,263241.51004141476,35047.2949079035,0.0,0.0,2.01430791461459,0.1520833333333333,9.279624791563034,2.293042077628969,17
0.55,240,0.0,0.0,-5.683403023901355,-6.105400526679826,213715.90693669728,256036.8447874876,42320.9378507903,0.0,0.0,2.1268452276542087,0.16791666666666663,9.23465388679379,2.6578414430090875,17
0.85,30,0.0625,0.030833333333333334,-6.979885532305581,-18.43749118910143,471501.0196387074,532585.4975872139,61084.47794850648,3817.779871781655,5.0,1.9291198668273097,0.19708333333333333,14.632066973091572,1.4330814326332675,17
0.85,60,0.0,0.0,-11.768782003935728,-18.726323693870828,535272.8037901557,533182.6701393897,0.0,0.0,0.0,9.398799416674418,0.41374999999999995,14.407129515480657,1.2410333899542902,17
0.85,120,0.009166666666666667,0.0,-8.50531662833382,-15.148908309170313,386509.8334844084,439407.3862825657,52897.552798157325,484.8942339831088,0.18333333333333332,2.7950407651532716,0.2577777777777778,13.778887949402,2.4115978299886676,17
0.85,240,0.017083333333333332,0.0,-16.14830722222618,-20.422005442076856,475197.0558302094,521837.6467241107,46640.5908939013,796.7767611041472,0.17083333333333334,20.98217756034276,0.4147222222222222,14.527451302434804,4.373083608092239,17
1.15,30,0.052500000000000005,0.05708333333333333,-9.957341247830506,-19.14905020227005,874194.1725992578,822012.7162382163,0.0,0.0,4.2,5.509728000692746,0.35444444444444445,19.952746820050418,0.9029436348964781,17
1.15,60,0.0675,0.004999999999999999,-9.636234973027376,-19.335792191133702,729867.3359940288,734005.9366198126,4138.600625783787,279.35554224040567,2.7,5.0725870396781705,0.34597222222222224,18.549809281483164,1.8500928920470963,17
1.15,120,0.08708333333333333,0.04875,-24.857923282909507,-27.657723239405133,794369.0377310091,752760.5275453336,0.0,0.0,1.7416666666666667,29.43040818363904,0.5593055555555555,20.254407877736178,2.46594751939268,17
1.15,240,0.2,0.2,-12.747224995009617,-21.011496243286082,628641.8462600668,631448.8457746991,2806.9995146322763,561.3999029264553,2.0,11.904449421804898,0.45138888888888884,19.627515741204025,3.5812837290564943,17
0.55,30,0.0,0.0,-4.651084293101151,-5.660050776679691,188648.11878541115,259119.6561049398,70471.53731952864,0.0,0.0,1.1253712863567784,0.12194444444444444,9.20053354514857,1.5511523379224696,18
0.55,60,0.012083333333333333,0.0,-5.77510941360848,-6.477632187938237,220800.93898411427,280382.1773602339,59581.23837611964,719.9399637114457,0.48333333333333334,1.750426906023882,0.16333333333333333,10.2249781042427,2.2738779413942254,18
0.55,120,0.0,0.0,-6.123438026826418,-6.251650114400837,191306.53252746136,223615.6190245259,32309.086497064534,0.0,0.0,1.2934976679560255,0.14875,9.194124383823048,2.259467466704364,18
0.55,240,0.0,0.0,-6.7463507450502345,-7.146097080771378,220374.0270720294,265313.9416323027,44939.91456027332,0.0,0.0,2.5447913401359776,0.20708333333333334,9.885303655151024,2.8701175507139722,18
0.85,30,0.0125,0.0,-6.857384347338827,-17.67365355905675,468202.5405490752,524028.3600114602,55825.81946238503,697.8227432798129,1.0,2.4609058932126944,0.20513888888888884,14.648442432881769,1.104330734800667,18
0.85,60,0.0,0.0,-6.691963434617272,-11.907135835944427,401146.869761056,433977.41253957903,32830.54277852306,0.0,0.0,2.220218659518152,0.19555555555555554,13.617650006336742,2.0850563452565605,18
0.85,120,0.05,0.024583333333333332,-11.479564297551166,-19.804185417498715,456976.00433272024,508330.1662716454,51354.16193892516,2567.708096946258,1.0,6.732459039612974,0.3588888888888889,14.749427536221457,2.3762560030122204,18
0.85,240,0.0016666666666666666,0.0,-15.001069346141943,-18.32033699096388,430250.10309353855,473962.3003335296,43712.197239991045,72.85366206665174,0.016666666666666666,26.033280014707486,0.3908333333333333,13.532320140236322,3.3380271566957944,18
1.15,30,0.04166666666666667,0.05333333333333333,-12.479747978885461,-23.335158886827813,768633.7554461038,727973.3664982055,0.0,0.0,3.333333333333334,3.89092763918359,0.2866666666666666,19.58139675089395,0.8727226795570588,18
1.15,60,0.10708333333333334,0.155,-17.740329220969706,-24.497544667390383,862417.4077078452,773841.5553799979,0.0,0.0,4.283333333333333,12.390864626570263,0.4738888888888889,20.338990596691428,1.015412606447338,18
1.15,120,0.027916666666666666,0.0,-17.473400541865377,-22.68613741559023,688539.0180243626,683687.7095567815,0.0,0.0,0.5583333333333333,18.582576493891555,0.4595833333333334,18.46157225548866,1.8615511732112844,18
1.15,240,0.0675,0.13666666666666666,-15.254198841132533,-18.38382045247132,714645.4222431006,699108.3191715955,0.0,0.0,0.675,19.153821523122982,0.44749999999999995,18.991845578639847,4.137671364630028,18
0.55,30,0.0,0.0,-5.198286249638204,-6.176465627308359,217530.2298064483,286118.528689833,68588.2988833847,0.0,0.0,1.5350134355031524,0.14902777777777776,9.631546225773892,1.4942206228406274,19
0.55,60,0.0,0.0,-4.601933874035315,-6.871257537465805,266179.5460763756,312660.61008809693,46481.06401172135,0.0,0.0,2.320752123278328,0.1634722222222222,10.426585236345165,2.2164782942649444,19
0.55,120,0.0,0.0,-5.385821599038111,-5.762299667590084,199769.39396176743,245643.60937836565,45874.21541659822,0.0,0.0,1.9176521828428463,0.16055555555555556,9.584593215832394,3.0302159106065325,19
0.55,240,0.0,0.0,-6.473848536244124,-6.77467338906947,170547.39873395165,197351.36439844593,26803.965664494288,0.0,0.0,1.447988355714826,0.16416666666666666,9.387931921460469,4.157742025174036,19
0.85,30,0.01583333333333333,0.0125,-7.134223500779004,-17.94400961049927,484714.5721590808,531529.9511567277,46815.37899764691,741.243500796076,1.2666666666666664,2.8504803700189383,0.23708333333333337,15.1626724069787,1.3081205503198632,19
0.85,60,0.00041666666666666664,0.0,-11.51000882295647,-19.06246856700384,500021.7821079519,502501.077370827,2479.295262875152,1.0330396928646466,0.016666666666666666,7.5865764985932405,0.4175,14.458702396879492,1.2410445025782486,19
0.85,120,0.0,0.0,-12.493654885800488,-17.225408850873002,469781.2807603373,497975.49702896544,28194.216268628137,0.0,0.0,15.052014577677927,0.39236111111111105,14.576144306932903,2.51334085208314,19
0.85,240,0.0,0.0,-17.808429142234463,-18.56919175367042,640794.8045508259,612588.9561361568,0.0,0.0,0.0,45.14426086611591,0.48388888888888887,15.511106930855107,1.1005823037980962,19
1.15,30,0.10375000000000001,0.06999999999999999,-10.383108083473939,-19.850337855107476,855175.8251243003,817704.5881157519,0.0,0.0,8.3,3.6866347576653693,0.28736111111111107,20.495612338328147,1.0441810046845266,19
1.15,60,0.09791666666666668,0.029583333333333333,-14.709930542485381,-19.671244914940864,843461.1272954731,792512.6156150175,0.0,0.0,3.916666666666667,16.078746025739914,0.4761111111111111,19.12672222922824,1.0728759392203073,19
1.15,120,0.21166666666666667,0.08375,-16.871052921976265,-18.89817215935017,828138.7629608938,791171.5347686246,0.0,0.0,4.233333333333333,25.50328098721087,0.49819444444444433,19.864194611032392,2.2869044048275797,19
1.15,240,0.19916666666666666,0.01125,-16.782745188368985,-23.791614587394832,747782.8098905946,749579.595375286,1796.7854846913833,357.8597757010338,1.9916666666666667,11.07514106150031,0.43652777777777774,19.54001695745547,5.736067567918229,19
0.55,30,0.0,0.0,-4.3113687773300065,-4.489966792108965,174358.9445111764,226098.87193778213,51739.92742660572,0.0,0.0,1.0890094577658929,0.11499999999999999,8.915959886476962,1.2800392459612737,20
0.55,60,0.0,0.0,-5.1994648468926785,-5.32230079534828,170235.59883953695,207248.07327940088,37012.47443986393,0.0,0.0,1.2657595989342876,0.13361111111111112,8.542121204220196,1.5823380450485334,20
0.55,120,0.0,0.0,-5.546894222667238,-5.789206767874832,195221.13976581153,260192.78215268388,64971.64238687235,0.0,0.0,1.5205756085963935,0.14819444444444446,9.159623574652567,2.4847757205653536,20
0.55,240,0.0,0.0,-4.915369002409181,-5.766214342550293,208022.73546408754,264377.997751279,56355.262287191435,0.0,0.0,1.7278215975212745,0.15291666666666665,9.396772049304554,3.3873381147084,20
0.85,30,0.025,0.0125,-7.418001387143547,-14.430554266661156,405545.75812043395,451798.4623620534,46252.704241619445,1156.3176060404862,2.0,2.0620584228776218,0.19805555555555557,13.652803743894129,1.3059838823177374,20
0.85,60,0.0,0.00625,-8.057361770054529,-14.87082274362739,466581.88646858296,469517.9584782558,2936.0720096728182,18.350450060455113,0.0,3.2720523938130865,0.24930555555555553,14.027628034527604,1.4197607255310187,20
0.85,120,0.05,0.05,-9.337796536383793,-15.124710871419143,482449.6416868028,512523.67109634535,30074.029409542563,1503.7014704771282,1.0,4.480029645042943,0.3275,14.226579499410642,2.9323931837203365,20
0.85,240,0.0,0.0,-7.864494481246221,-17.45308142378376,412831.65508503356,511169.5594377103,98337.90435267676,0.0,0.0,5.172776023394152,0.2841666666666667,15.058446537316755,5.230980486587033,20
1.15,30,0.10625,0.03375,-12.427051597376398,-21.446628396630093,785806.1766462246,737642.9863097208,0.0,0.0,8.5,5.445461296282784,0.41194444444444434,20.301742465833343,1.0133206342005852,20
1.15,60,0.15333333333333332,0.1,-13.632886106677388,-22.157821460701335,789873.616219186,762070.2309694345,0.0,0.0,6.133333333333334,6.5939801063791235,0.4131944444444445,19.719247480498947,1.727422774244527,20
1.15,120,0.011666666666666667,0.0,-18.48889365750735,-24.307152652449542,694350.564748741,686679.5405633498,0.0,0.0,0.23333333333333334,21.734709443359026,0.395,18.17736549734535,1.9652345298138176,20
1.15,240,0.2029166666666667,0.020833333333333336,-17.059037093553137,-23.61007284554604,763439.0892457337,759939.6149894983,0.0,0.0,2.029166666666667,20.375152551057727,0.4141666666666667,19.795922686540187,4.034024239917729,20
0.55,30,0.0,0.0,-4.671761617993661,-5.483828963927089,215928.52127277423,281375.24912019004,65446.72784741581,0.0,0.0,1.5039103996199394,0.1411111111111111,9.69620990919714,1.3426899384678208,21
0.55,60,0.0,0.0,-4.104550053480779,-4.250744999637688,198605.85887869252,227130.4280756087,28524.569196916185,0.0,0.0,1.541657337077639,0.12999999999999998,9.562831930626459,1.943291883950414,21
0.55,120,0.0,0.0,-4.985010367136095,-5.386279258718113,212851.9740785702,265718.85645496426,52866.88237639406,0.0,0.0,1.7103164333528351,0.15152777777777776,9.77003595602355,3.3663521106811443,21
0.55,240,0.0,0.0,-6.553245737520554,-6.74016310856692,224092.79803116803,263525.6445894878,39432.84655831978,0.0,0.0,2.3299090882858757,0.1973611111111111,9.791429364988975,2.12450397341939,21
0.85,30,0.0125,0.0125,-9.04393842525303,-18.950646479527688,431304.8107289624,485553.6670580482,54248.85632908577,678.1107041135722,1.0,3.123033340243051,0.2656944444444444,14.356556310595021,1.2049255965104073,21
0.85,60,0.0,0.0,-15.383179564619455,-18.519439753273637,530780.9016012929,529462.5714666029,0.0,0.0,0.0,21.213319182771688,0.465,14.963904001452542,1.304625506955362,21
0.85,120,0.1,0.025,-7.6551558855513715,-14.654488405262807,444607.30044260056,481886.49226376676,37279.1918211662,3727.91918211662,2.0,3.758387346468672,0.27249999999999996,15.129107956834684,5.013981517448575,21
0.85,240,0.027916666666666666,0.0,-15.064327353133438,-20.287707918698917,500058.8314074533,526218.1241854473,26159.292777994066,730.2802567190009,0.2791666666666667,14.697699003174705,0.4574999999999999,15.248290845893028,4.126122315868723,21
1.15,30,0.09833333333333334,0.05083333333333333,-10.659589050239266,-20.79237102954486,730155.5745139386,719959.6163232811,0.0,0.0,7.866666666666668,5.889607687223645,0.35777777777777775,19.3927187690839,0.8561842242113545,21
1.15,60,0.08333333333333334,0.08416666666666667,-13.680376868463249,-23.828540649702322,786173.6566553926,769446.8893634247,0.0,0.0,3.333333333333334,6.212002424087572,0.375,20.108906144548687,1.6875809096739167,21
1.15,120,0.08291666666666667,0.07708333333333332,-16.501178336308786,-22.988738739595625,717405.6751889939,675684.1837721561,0.0,0.0,1.6583333333333334,12.610122258734304,0.4570833333333334,19.50843568863115,1.807210442744432,21
1.15,240,0.030833333333333334,0.0,-14.574711652597834,-22.03885859902529,692818.0037267763,713484.5414956175,20666.53776884114,637.2182478726018,0.30833333333333335,9.351295189925068,0.39319444444444446,18.770813788104807,3.3613636040405184,21
0.55,30,0.0,0.0,-4.125318922331144,-4.524479430260867,187807.83569141087,239591.4154170956,51783.579725684715,0.0,0.0,1.1931439103291546,0.10916666666666666,8.81425757541634,1.2637773330709803,22
0.55,60,0.0,0.0,-4.529653615614308,-4.679080971374008,196963.38366983843,231783.93492362567,34820.55125378724,0.0,0.0,1.5067592719407679,0.13986111111111113,9.169485704478225,1.9687335554857135,22
0.55,120,0.0,0.0,-4.648878562721194,-5.005010675078296,204072.98064420768,237528.93115552177,33455.95051131409,0.0,0.0,2.0521529341040052,0.15180555555555555,9.281349823935436,2.52525762368384,22
0.55,240,0.0,0.0,-7.655370384720156,-8.239093810602789,239228.6834603472,276305.00678021926,37076.323319872055,0.0,0.0,2.323159378797255,0.21000000000000002,9.544507385346137,1.5372230616672105,22
0.85,30,0.025,0.0125,-8.2304957495545,-19.537279522844766,467403.9798790115,509404.12288397935,42000.14300496783,1050.0035751241958,2.0,3.076629773593493,0.21930555555555556,14.4946489447531,1.2091191410907083,22
0.85,60,0.05166666666666667,0.030416666666666668,-10.238128525076473,-16.35441107498482,491828.8318128542,517117.61095589906,25288.77914304484,1306.5869223906502,2.066666666666667,5.487170360684558,0.34208333333333335,15.418902158404574,1.7286091699199801,22
0.85,120,0.05,0.0008333333333333333,-15.583804021137361,-19.85662309436596,496776.5627786131,517203.8340548469,20427.271276233776,1021.3635638116889,1.0,15.367114362926838,0.39777777777777773,14.43516791571451,2.2971908119374036,22
0.85,240,0.0,0.0,-12.022961360013504,-17.863410169117127,502748.7899717416,500246.7970390215,0.0,0.0,0.0,10.658598698821887,0.44708333333333333,13.900043802331856,1.5650965148993108,22
1.15,30,0.056666666666666664,0.05333333333333333,-9.708416363209226,-20.52131296955602,818009.60366059,794499.2162491224,0.0,0.0,4.533333333333333,3.773939939733186,0.30236111111111114,19.36771686645678,1.1333758033135826,22
1.15,60,0.057499999999999996,0.06333333333333332,-16.518364038503147,-25.098386415957915,745589.9267606382,724023.8774866755,0.0,0.0,2.3,10.01791041846519,0.3731944444444445,19.736289922476814,1.970996691037504,22
1.15,120,0.10541666666666667,0.05166666666666667,-20.070738953319704,-21.469506206608145,740840.2128401845,694003.0210820148,0.0,0.0,2.1083333333333334,34.89714832179713,0.5054166666666667,19.205788701682884,3.374603334436505,22
1.15,240,0.13374999999999998,0.0175,-14.336202170738725,-23.43464329939504,639860.8448941354,632629.4199944402,0.0,0.0,1.3374999999999997,8.201704999850833,0.3834722222222222,18.328553765987802,5.0024970631493,22
0.55,30,0.0,0.0,-4.5016590181602405,-4.995232819855972,208457.75316920882,263961.6473044036,55503.89413519477,0.0,0.0,1.2224260187018663,0.12194444444444445,9.540743557827673,1.3021164873228817,23
0.55,60,0.0,0.0,-4.59884781132102,-4.741183440760894,172056.61195868283,209401.95010937468,37345.33815069185,0.0,0.0,1.2892976182168696,0.12333333333333334,8.902897746064335,1.944405541409937,23
0.55,120,0.0,0.0,-5.277379649594647,-5.50963911027398,224620.82956218594,258703.30773366988,34082.478171483934,0.0,0.0,1.8730470356416167,0.14944444444444444,10.332043296102139,3.091482946274693,23
0.55,240,0.0,0.0,-6.6595288967153525,-6.904165366127945,225381.6494778751,261124.76111795282,35743.111640077725,0.0,0.0,2.217088265781543,0.1948611111111111,9.65596929851114,2.807861320084098,23
0.85,30,0.0,0.0,-6.615457186912622,-16.239533522309387,408279.2530723373,481714.2254756464,73434.97240330908,0.0,0.0,2.3105818143018277,0.20055555555555554,14.027456485854339,1.1635178775641897,23
0.85,60,0.0008333333333333333,0.0,-7.831947974094827,-16.55475073473079,469761.4387163789,507742.1510772308,37980.71236085193,31.650593634043275,0.03333333333333333,2.8649156576946853,0.23694444444444446,14.293471447671854,1.6316687753078873,23
0.85,120,0.07708333333333332,0.06999999999999999,-9.768863121898674,-12.494291704183013,464483.7103901797,465916.9869518642,1433.276561684499,110.48173496318012,1.5416666666666665,8.46527239532505,0.35,14.69017606504911,3.759985763526059,23
0.85,240,0.0,0.0,-13.96048169659176,-18.279035235273902,498200.6094614218,500411.57991744456,2210.970456022769,0.0,0.0,20.404508694761773,0.4529166666666666,14.41049984904814,1.5499813955133483,23
1.15,30,0.09791666666666668,0.08916666666666666,-13.563796876898186,-24.7632901665619,671077.0989154186,645852.7473642544,0.0,0.0,7.833333333333334,11.799435780259728,0.4027777777777778,20.848073544963324,0.7174339100022122,23
1.15,60,0.06625,0.050416666666666665,-12.151353320756773,-22.828215514630223,769799.538227308,748268.1176762003,0.0,0.0,2.65,4.099877490962162,0.32152777777777775,19.429521918461294,1.7455688454341012,23
1.15,120,0.057499999999999996,0.0,-18.72306890773968,-19.913879808913826,725344.5122872781,677590.7876892288,0.0,0.0,1.15,46.561937442594555,0.5130555555555556,17.959745264576046,1.966372009570423,23
1.15,240,0.005,0.0,-20.553373940691554,-21.0649769408022,719225.4101948958,667343.084515547,0.0,0.0,0.05,46.869349919095285,0.5527777777777778,18.505510905826767,1.8551201366722399,23
