epoch,load,L,reward,rho,mean_delay_ms,sla_violation_rate,throughput_mbps,wasted_prbs,planner_action,report_multiplier,payment_sum,theta_URLLC,report_URLLC,weight_URLLC,alloc_URLLC,payment_URLLC,utility_URLLC,theta_eMBB,report_eMBB,weight_eMBB,alloc_eMBB,payment_eMBB,utility_eMBB,theta_mMTC,report_mMTC,weight_mMTC,alloc_mMTC,payment_mMTC,utility_mMTC,scenario
0,0.45,30,67.86941152371021,0.0,0.26895310656259086,0.0,6.077718404502576,1.6377614701070504,0,1.0,1030.7405393333963,1.022985466924195,1.022985466924195,3.6640625000000004,2.0,31.277390132484413,30.10173788296727,8.627489753757734,8.627489753757734,2.08609375,9.0,970.9622937632071,1358.4599397513816,1.0604557990155736,1.0604557990155736,0.46375000000000005,2.033333333333333,28.50085543770475,36.18694830224525,truthful
1,0.45,30,50.17032761236729,0.0,0.6650385413954069,0.0,3.9287804097017602,1.335261037015247,0,1.0,307.4670243123853,1.1536833795523802,1.1536833795523802,3.4583905325012005,2.0,30.00575269342231,69.31698796268779,4.187758788312472,4.187758788312472,2.1185667682892197,5.0,275.161271618963,1711.4624863792892,0.9662366275578009,0.9662366275578009,0.47505860406332906,1.5333333333333334,2.3000000000000043,78.3338331699041,truthful
2,0.45,30,83.04064283170652,0.0,0.8625240960767349,0.0,6.9809036160135935,1.1606801624623229,0,1.0,711.8197903977673,1.012473094134895,1.012473094134895,3.6262300056551675,2.0,30.971874298295383,99.09349931248609,5.802274781344016,5.802274781344016,2.0425255660436528,6.0,403.03082252206514,2352.8411244991466,6.130390710340726,6.130390710340726,0.4925063405693867,7.866666666666666,277.8170935774067,1247.2889472329084,truthful
3,0.45,30,47.68635922958285,0.0,0.40453706452428634,0.0,3.9451607329094793,0.8643438138009075,0,1.0,279.0372673205543,0.6654496667484736,0.6654496667484736,3.485020579019842,1.0,1.5,117.5569893149403,4.2957674399292225,4.2957674399292225,1.8232285939282604,5.0,274.1872673205543,2723.0189731679757,0.8476154028962398,0.8476154028962398,0.6303586452835436,2.2333333333333334,3.3499999999999943,1300.7291792269564,truthful
4,0.45,30,4.624141819384182,0.0,0.3051061221388642,0.022222222222222223,3.5984390772849166,0.9255723814244621,2,1.0,431.91013650423326,0.7820920549309924,0.7820920549309924,3.4911140419837086,1.0,1.5,139.51975096287006,5.25818773958739,5.25818773958739,3.2435209207850453,6.0,428.91013650423326,3240.5826297894723,0.8623190269885928,0.8623190269885928,0.5212519574140039,1.0,1.5000000000000036,1325.098750036614,truthful
5,0.45,30,-245.07386184412448,0.0,0.964038997083184,0.15555555555555556,4.6915133096838195,0.13115925463542397,0,1.0,426.07046705486226,0.9284909843242375,0.9284909843242375,3.495015910488029,1.1333333333333333,1.7000000000000028,169.38844442989415,5.591672225096523,5.591672225096523,1.8861315113246202,6.0,422.7204670548623,3824.3631632519837,0.9909059239474172,0.9909059239474172,0.5950884972030345,1.1,1.6499999999999986,1356.148645526879,truthful
6,0.45,30,-65.31459234112167,0.0,0.9286584617641405,0.05555555555555555,5.436039719715448,0.5167794704558399,7,1.0,800.5457434631678,0.7754225503118317,0.7754225503118317,5.789982969964867,1.1,1.6499999999999986,193.3273885901846,7.378389898079793,7.378389898079793,1.7166897240806196,8.0,796.5957434631679,4798.580995327967,0.9068394220463849,0.9068394220463849,0.8433916236206301,1.5333333333333334,2.3000000000000043,1395.5632589410127,truthful
7,0.45,30,-19.42850565508416,0.0,0.5354304591859346,0.03333333333333333,5.5048664213662475,0.570009727637475,2,1.0,803.3991854932988,0.9459128669517876,0.9459128669517876,3.479136511664538,1.0,1.5,220.20477459873823,7.321241442125215,7.321241442125215,3.4063885596244345,8.0,774.571446242882,5781.107495195137,1.4640799560683855,1.4640799560683855,0.4800811318255295,2.1333333333333333,27.327739250416826,1461.9366368789726,truthful
8,0.45,30,-53.615647103741665,0.0,0.4852362483527224,0.05555555555555555,4.35989377594487,0.38498040907254266,2,1.0,421.19136092070505,0.7643002109649836,0.7643002109649836,3.467755377233523,1.0,1.5,241.63378092768772,5.631801087190859,5.631801087190859,3.4306282718426635,6.0,418.0413609207051,6376.790329968787,0.7932051296815732,0.7932051296815732,0.4750958697811297,1.1,1.6500000000000021,1486.4624061584645,truthful
9,0.45,30,29.9362230531272,0.0,0.2892161871005779,0.011111111111111112,3.2295028790502944,0.9167838899588318,1,1.0,203.7276536383938,1.1265345515034795,1.1265345515034795,6.58870303275999,2.0,31.29267368170082,277.9331803361957,3.69135221436451,3.69135221436451,1.9742231131280388,4.0,170.88497995669297,6648.867615735835,0.9069012123332486,0.9069012123332486,0.4411787231019889,1.0333333333333334,1.5500000000000007,1513.0263437407953,truthful
10,0.45,30,-137.06315963533336,0.0,0.6324105514709165,0.1,5.433705743649364,0.8108336476926891,3,1.0,805.6455741405912,0.827516243657239,0.827516243657239,3.8693125459121385,1.1,1.6500000000000021,303.5912163768846,7.164221764416011,7.164221764416011,1.669239842554027,8.0,802.3455741405912,7565.935265055085,0.8037825915651455,0.8037825915651455,1.017694315264882,1.1,1.6499999999999986,1537.9011692624451,truthful
11,0.45,30,54.977589746791196,0.0,0.21984920625252377,0.0,4.183937053070693,2.313012062568451,1,1.0,479.07113766330724,1.0069051633878123,1.0069051633878123,6.654281509127604,2.0,30.810056310958295,333.19546986919505,5.047873449336272,5.047873449336272,1.984682239240188,6.0,421.32455957024246,8053.227926365372,1.0342176735837523,1.0342176735837523,0.43280757478520704,2.066666666666667,26.936521782106496,1575.0861432425313,truthful
12,0.45,30,42.8985728807675,0.0,0.5929998394693475,0.0,4.0856370173242444,0.6201686107835139,1,1.0,294.0954605053257,0.8315566281119294,0.8315566281119294,6.688965965180551,1.0,1.5,356.6421687125529,4.719605153831699,4.719605153831699,1.9829145289053887,5.0,268.8519634535179,8492.31673598661,1.1953120029239,1.1953120029239,0.43152449259691433,2.3,23.743497051807843,1633.8191743924726,truthful
13,0.45,30,-48.125179743461,0.0,0.5805453340347885,0.05555555555555555,4.157356692143866,1.0324008598776455,1,1.0,246.12105877084412,1.3758378841608991,1.3758378841608991,6.698378430248426,2.033333333333333,23.061865564053576,417.5064140823142,3.973362441716193,3.973362441716193,1.9796773968289798,4.0,142.09163469703043,8827.028594295522,2.042959961134739,2.042959961134739,0.43236410944526116,3.033333333333333,80.96755850976012,1738.7609723459739,truthful
14,0.45,30,66.50735823887189,0.0,0.22916315200519902,0.0,5.601943914946284,1.677180089881843,5,1.0,868.484689590012,1.2154502173959818,1.2154502173959818,4.814045437547999,2.0,31.517110006907927,458.9163171191652,7.341401829988511,7.341401829988511,2.6360287100170536,8.0,810.408500383742,9778.556533109022,1.251104855007336,1.251104855007336,0.7416335641187132,2.066666666666667,26.55907919936204,1789.7703941570667,truthful
15,0.45,30,49.50488010436903,0.0,0.3906263509645104,0.0,4.579065707389044,1.3002066576054705,5,1.0,467.0207378212028,1.1316428081927992,1.1316428081927992,4.8169356248349535,2.0,29.46644746296755,497.34843814776565,5.2245974588877,5.2245974588877,2.646730215978179,6.0,435.90429035823524,10283.079785350572,0.7044720316168954,0.7044720316168954,0.7354665885348566,1.1,1.649999999999995,1811.3679712004243,truthful
16,0.45,30,-188.1282337890032,0.0,0.6757491602084814,0.15555555555555556,7.515335343818975,0.4855777998554404,5,1.0,931.4857892501622,4.3080319820827615,4.3080319820827615,4.842755145264003,5.866666666666666,149.31505540873115,1106.2470115856006,7.841404334154513,7.841404334154513,2.6519262755273005,8.0,780.670733841431,11384.346091706224,0.6326256888241054,0.6326256888241054,0.7290539774560317,1.0,1.4999999999999964,1828.8467418651476,truthful
17,0.45,30,-309.7156478324385,0.0,0.714372656072604,0.2,4.8786949024117074,0.5152148780620787,1,1.0,592.6040115765212,0.9303923229914812,0.9303923229914812,7.1443504388637455,1.3333333333333333,2.0,1141.4627045052598,6.492355034950828,6.492355034950828,1.9436086159940598,7.0,589.1040115765212,12158.636637469377,0.7471658793072602,0.7471658793072602,0.42161255412297943,1.0,1.5,1849.7617182443653,truthful
18,0.45,30,42.88397037655927,0.0,0.15464009850102078,0.0,3.09227489911651,1.985123807443841,4,1.0,236.6945859373848,1.1904069744694588,1.1904069744694588,8.233009013847026,2.0,30.90433315654957,1181.9827898168778,3.245757234526279,3.245757234526279,2.4449005786513927,4.0,174.975663775577,12373.151841836954,1.0730653427221415,1.0730653427221415,0.36602531210032463,2.0,30.81458900525822,1883.3310498024355,truthful
19,0.45,30,-15.023245493343353,0.0,0.30809680103116294,0.044444444444444446,5.7796078368309685,1.4669903705291925,4,1.0,1375.7751188051145,1.2106456991993981,1.2106456991993981,8.283790719872531,2.0,23.565190982689344,1231.0563407861523,5.344389262776304,5.344389262776304,2.4320923417546476,6.0,406.07919470822276,12929.062714428466,8.070473920896127,8.070473920896127,0.36762539397168936,9.0,946.1307331142025,3116.228275330187,truthful
0,0.45,30,57.76049422091454,0.0,1.0601248030436248,0.0,5.659331994411357,1.563259420858597,0,0.65,97.83075341366967,1.022985466924195,1.022985466924195,3.6640625000000004,2.0,31.277390132484413,30.10173788296727,8.627489753757734,5.607868339942527,2.08609375,8.0,38.0525078434805,2032.545033058376,1.0604557990155736,1.0604557990155736,0.46375000000000005,2.033333333333333,28.50085543770475,36.18694830224525,strategic
1,0.45,30,49.31155865205387,0.0,1.0258735891644153,0.0,4.34716681979298,0.8319593290097179,0,1.0,207.0677637715384,1.1536833795523802,1.1536833795523802,3.652691349723906,2.0,30.00575269342231,69.31698796268779,4.187758788312472,4.187758788312472,2.02217394400976,5.133333333333334,174.76201107811607,2502.6978753803805,0.9662366275578009,0.9662366275578009,0.4997603181103209,1.5333333333333334,2.3000000000000043,78.3338331699041,strategic
2,0.45,30,73.88507191688076,0.0,1.588123118333455,0.0,6.691737872339804,1.1005050650265025,0,0.65,333.2030291981412,1.012473094134895,1.012473094134895,3.7767389849234823,2.0,30.971874298295383,99.09349931248609,5.802274781344016,3.7714786078736102,1.9690987941882843,5.266666666666667,24.414061322439125,3395.0432295102955,6.130390710340726,6.130390710340726,0.5109725760093288,7.866666666666666,277.8170935774067,1247.2889472329084,strategic
3,0.45,30,46.72617494823356,0.0,0.7010326688374457,0.0,4.234326476583269,0.5469721632545215,0,1.0,193.7238778244765,0.6654496667484736,0.6654496667484736,3.6155042802608883,1.0,1.5,117.5569893149403,4.2957674399292225,4.2957674399292225,1.7084112278163406,5.0,188.8738778244765,3850.5344676752024,0.8476154028962398,0.8476154028962398,0.673915662708523,2.2333333333333334,3.3499999999999943,1300.7291792269564,strategic
4,0.45,30,-2.994907404349675,0.0,0.9417007804993254,0.022222222222222223,3.39245950727935,0.19543227597675272,2,0.65,50.01910880724199,0.7820920549309924,0.7820920549309924,3.598676824255346,1.0,1.5,139.51975096287006,5.25818773958739,3.4178220307318035,3.0869215511892376,4.333333333333333,47.01910880724199,4487.079765014321,0.8623190269885928,0.8623190269885928,0.5494087445256596,1.0,1.5000000000000036,1325.098750036614,strategic
5,0.45,30,-254.27234119027725,0.0,1.801823326397829,0.15555555555555556,4.57240674699935,0.004087823336512594,0,0.65,11.749999999999979,0.9284909843242375,0.9284909843242375,3.626264878827609,1.1333333333333333,1.7000000000000028,169.38844442989415,5.591672225096523,3.63458694631274,1.7832717794640818,5.6,8.399999999999977,5418.080698830537,0.9909059239474172,0.9909059239474172,0.6320996510988599,1.1,1.6499999999999986,1356.148645526879,strategic
6,0.45,30,-74.3027530959252,0.0,1.805782682711454,0.05555555555555555,5.39824476833131,0.07316585714714299,7,0.65,14.550000000000026,0.7754225503118317,0.7754225503118317,6.041462457293148,1.1,1.6499999999999986,193.3273885901846,7.378389898079793,4.7959534337518654,1.6150303389467704,7.066666666666666,10.600000000000023,6971.699357223453,0.9068394220463849,0.9068394220463849,0.9006437149014253,1.5333333333333334,2.3000000000000043,1395.5632589410127,strategic
7,0.45,30,-28.66598683548425,0.0,1.4001097150020587,0.03333333333333333,5.4079617080011335,0.35525967037259293,2,0.65,40.177739250416735,0.9459128669517876,0.9459128669517876,3.6464685956972334,1.0,1.5,220.20477459873823,7.321241442125215,4.75880693738139,3.1961469463299874,7.566666666666666,11.349999999999909,8622.271164585878,1.4640799560683855,1.4640799560683855,0.5151548819180324,2.1333333333333333,27.327739250416826,1461.9366368789726,strategic
8,0.45,30,-61.562596000578054,0.0,1.3309259854635518,0.05555555555555555,4.489851465940885,0.2552020018904896,2,0.65,12.150000000000116,0.7643002109649836,0.7643002109649836,3.645635226824554,1.0,1.5,241.63378092768772,5.631801087190859,3.6606707066740585,3.209597522521639,6.0,9.000000000000114,9626.995360280232,0.7932051296815732,0.7932051296815732,0.5117362098099111,1.1,1.6500000000000021,1486.4624061584645,strategic
9,0.45,30,22.855280522752327,0.0,1.0968023014916517,0.011111111111111112,3.3868652139741005,0.714565928972226,1,0.65,38.74267368170079,1.1265345515034795,1.1265345515034795,6.944029466698998,2.0,31.29267368170082,277.9331803361957,3.69135221436451,2.3993789393369314,1.845043497764815,3.933333333333333,5.899999999999977,10056.674921575244,0.9069012123332486,0.9069012123332486,0.47587976843192825,1.0333333333333334,1.5500000000000007,1513.0263437407953,strategic
10,0.45,30,-147.1872171226595,0.0,1.522627206323686,0.1,5.1956027582363875,0.18155400439972466,3,0.65,13.39999999999991,0.827516243657239,0.827516243657239,4.091388330813844,1.1,1.6500000000000021,303.5912163768846,7.164221764416011,4.656744146870407,1.556070421301948,6.733333333333333,10.099999999999909,11493.747717987279,0.8037825915651455,0.8037825915651455,1.098033979035876,1.1,1.6499999999999986,1537.9011692624451,strategic
11,0.45,30,47.44610319874724,0.0,1.0711878433565265,0.0,4.337263552090225,1.418200573869749,1,0.65,65.3465780930648,1.0069051633878123,1.0069051633878123,7.050683591668557,2.0,30.810056310958295,333.19546986919505,5.047873449336272,3.281117742068577,1.8500824631773702,5.066666666666666,7.600000000000023,12253.424482286391,1.0342176735837523,1.0342176735837523,0.46742215717908364,2.066666666666667,26.936521782106496,1575.0861432425313,strategic
12,0.45,30,35.10974780522981,0.0,1.3803910827909744,0.0,4.118208777770607,0.5547431466775768,1,0.65,32.49349705180784,0.8315566281119294,0.8315566281119294,7.101790299894188,1.0,1.5,356.6421687125529,4.719605153831699,3.0677433499906046,1.8455611065336386,4.833333333333333,7.25,12930.517229591987,1.1953120029239,1.1953120029239,0.46635721254397383,2.3,23.743497051807843,1633.8191743924726,strategic
13,0.45,30,-54.0509431427881,0.0,1.194369009420393,0.05555555555555555,4.209131328143866,1.0324008598776455,1,0.65,110.17942407381373,1.3758378841608991,1.3758378841608991,7.118724859209565,2.033333333333333,23.061865564053576,417.5064140823142,3.973362441716193,2.582685587115525,1.8397911659391213,4.1,6.150000000000034,13413.090809923078,2.042959961134739,2.042959961134739,0.46784447770844634,3.033333333333333,80.96755850976012,1738.7609723459739,strategic
14,0.45,30,56.43980678661627,0.0,1.121997650397932,0.0,5.400579574373719,1.1576466143651856,5,0.65,68.37618920626991,1.2154502173959818,1.2154502173959818,5.123142864105659,2.0,31.517110006907927,458.9163171191652,7.341401829988511,4.771911189492532,2.440035271254587,6.866666666666666,10.299999999999955,14915.119586900712,1.251104855007336,1.251104855007336,0.8038948529650457,2.066666666666667,26.55907919936204,1789.7703941570667,strategic
15,0.45,30,41.50991894060625,0.0,1.2618818031435783,0.0,4.686525655544539,0.6632711955249208,5,0.65,39.31644746296759,1.1316428081927992,1.1316428081927992,5.134984770307653,2.0,29.46644746296755,497.34843814776565,5.2245974588877,3.3959883482770055,2.448670150573486,5.466666666666667,8.200000000000045,15763.753570158295,0.7044720316168954,0.7044720316168954,0.7975874356942826,1.1,1.649999999999995,1811.3679712004243,strategic
16,0.45,30,-197.52986472095924,0.0,1.5372253824936637,0.15555555555555556,7.396718993907364,0.4432856222966437,5,0.65,162.2650554087312,4.3080319820827615,4.3080319820827615,5.173068277388107,5.866666666666666,149.31505540873115,1106.2470115856006,7.841404334154513,5.096912817200433,2.452446480384648,7.633333333333334,11.450000000000045,17547.985162679677,0.6326256888241054,0.6326256888241054,0.7902223363431625,1.0,1.4999999999999964,1828.8467418651476,strategic
17,0.45,30,-318.58043683449307,0.0,1.5832532665120271,0.2,4.867200762002218,0.25631297248192075,1,0.65,13.450000000000045,0.9303923229914812,0.9303923229914812,7.700871087287791,1.3333333333333333,2.0,1141.4627045052598,6.492355034950828,4.220030772718038,1.790980066032521,6.633333333333334,9.950000000000045,18830.01381463489,0.7471658793072602,0.7471658793072602,0.4545548094867593,1.0,1.5,1849.7617182443653,strategic
18,0.45,30,36.42857111021439,0.0,0.984500254156581,0.0,3.337205797010613,1.2890783661400949,4,0.65,67.26892216180778,1.1904069744694588,1.1904069744694588,8.880423863922456,2.0,30.90433315654957,1181.9827898168778,3.245757234526279,2.1097422024420815,2.2543249074599037,3.7,5.549999999999983,19184.742867667308,1.0730653427221415,1.0730653427221415,0.3946518180219785,2.0,30.81458900525822,1883.3310498024355,strategic
19,0.45,30,-24.231185116983877,0.0,1.1747435610964438,0.044444444444444446,5.702774078519026,0.9312094144473552,4,0.65,977.5459240968919,1.2106456991993981,1.2106456991993981,8.942082851237005,2.0,23.565190982689344,1231.0563407861523,5.344389262776304,3.473853020804598,2.238945463481489,5.233333333333333,7.850000000000023,20015.96198192319,8.070473920896127,8.070473920896127,0.39654268428180756,9.0,946.1307331142025,3116.228275330187,strategic
0,0.45,60,-260.4402710639436,0.0,0.7552245118763977,0.08333333333333333,4.244844802225443,0.8583896222749242,0,1.0,1215.706720980261,0.9426352814233944,0.9426352814233944,3.6640625000000004,1.1,3.3000000000000043,58.91392857394401,6.235816670142892,6.235816670142892,2.08609375,7.0,1209.256720980261,1409.7862804797528,0.612693746040725,0.612693746040725,0.46375000000000005,1.05,3.1499999999999915,35.44970600056568,truthful
1,0.45,60,21.944190055926608,0.0,0.589007899394461,0.022222222222222223,4.180829956340827,0.6112917098533495,1,1.0,604.2339386788668,1.3595522581291584,1.3595522581291584,6.831937170067112,2.0,53.06203427651663,168.99816527292634,4.705492060348416,4.705492060348416,2.1096304593654183,5.0,547.4719044023501,2273.961994181928,0.7544887656123457,0.7544887656123457,0.36851139241839015,1.2333333333333334,3.700000000000003,87.58187465587925,truthful
2,0.45,60,-345.0974063872157,0.0,0.7805784519799394,0.12222222222222222,4.50285766893477,0.6933184378117937,1,1.0,858.4116224214675,1.2391077478448207,1.2391077478448207,7.2024282436050155,2.1,33.24072241210921,291.8850190892646,5.409139333395722,5.409139333395722,2.0379887253506808,6.0,821.8709000093584,3399.38125419503,0.8127691289404769,0.8127691289404769,0.3775329732623423,1.1,3.299999999999997,137.9246371659507,truthful
3,0.45,60,-384.8917599029111,0.0,1.0637647490038578,0.12777777777777777,5.525549110909633,0.8950387328297523,2,1.0,1635.3123241352146,0.9353358894634258,0.9353358894634258,3.815453450730957,1.25,3.75,358.2852107990215,7.125480457400774,7.125480457400774,3.539211499011325,8.0,1590.1133774928026,5229.4984962546,1.3167806550997514,1.3167806550997514,0.4053211088523621,2.283333333333333,41.448946642411954,276.8746402722047,truthful
4,0.45,60,128.4233988533669,0.0,0.10913386265682037,0.0,5.270994036618726,1.0735941423791717,3,1.0,1642.6622654964801,1.0246792793603514,1.0246792793603514,4.073102030150538,2.0,61.70901256094009,419.5377117613236,7.608368155333225,7.608368155333225,1.7254201945264331,8.0,1577.9532529355401,7303.5619578790065,0.9275683553417863,0.9275683553417863,0.9038708328903028,1.0,2.999999999999993,329.52874159271187,truthful
5,0.45,60,-32.280684926717846,0.0,0.2911156878651461,0.044444444444444446,6.362551110602778,1.3514314634823668,3,1.0,2569.6723834402687,1.1524726055970185,1.1524726055970185,4.014134140618109,2.0166666666666666,50.70014052667925,508.28675651188354,9.091772195184685,9.091772195184685,1.7416558509133684,10.0,2515.9222429135893,10242.70303207623,0.713175834840227,0.713175834840227,0.8987277828051893,1.0166666666666666,3.049999999999997,369.98246751796574,truthful
6,0.45,60,-294.6170411124659,0.0,0.8108576629411425,0.1111111111111111,5.082712930047197,0.32169239642449354,3,1.0,883.1334627219776,1.840669145549324,1.840669145549324,3.968717227982285,2.183333333333333,33.18620354004619,716.2282110387988,5.573981727879542,5.573981727879542,1.7643114081716558,6.0,846.5972591819313,11402.739194930933,0.911316904998533,0.911316904998533,0.882870318385098,1.1166666666666667,3.3500000000000085,427.69070015286746,truthful
7,0.45,60,24.23506866736698,0.0,0.39376303102475646,0.022222222222222223,4.57688029585041,1.311493313846768,5,1.0,919.4591584941411,1.0408860295683942,1.0408860295683942,4.996790260398015,2.0,52.07620037493032,789.0583342120758,5.178381564358853,5.178381564358853,2.7652204032402823,6.0,864.1829581192108,12402.77359998091,0.7239327649937175,0.7239327649937175,0.64648453103028,1.0666666666666667,3.200000000000003,470.8223971124654,truthful
8,0.45,60,-599.0539138065242,0.0,0.9737240605959335,0.2111111111111111,7.378479341909074,0.9362768959833526,5,1.0,828.258336121274,5.428594667984535,5.428594667984535,5.0060670015534345,7.6,278.7874899793892,2985.710012833635,4.154895429116018,4.154895429116018,2.761485552672238,5.0,546.0708461418849,13103.17138257383,0.8910449357881778,0.8910449357881778,0.6471968606513142,1.1333333333333333,3.3999999999999986,528.0134527460615,truthful
9,0.45,60,-90.22488090842343,0.0,0.8826443834654163,0.05555555555555555,4.91577408979033,0.48395176243872023,4,1.0,604.0943247972012,1.2026553760686456,1.2026553760686456,9.003257719854005,2.466666666666667,45.32956596875886,3118.373442523036,4.769254721997309,4.769254721997309,2.436989936711735,5.0,554.7647588284424,13979.18304034458,0.8582373875774169,0.8582373875774169,0.33409959617846147,1.3333333333333333,4.0,592.6724437522548,truthful
0,0.45,60,-279.55343637808045,0.0,1.5941350231253675,0.08333333333333333,4.080936675920764,0.26374950505199024,0,0.65,62.981578042581255,0.9426352814233944,0.9426352814233944,3.6640625000000004,1.1,3.3000000000000043,58.91392857394401,6.235816670142892,4.05328083559288,2.08609375,6.0,56.53157804258126,2188.362423208859,0.612693746040725,0.612693746040725,0.46375000000000005,1.05,3.1499999999999915,35.44970600056568,strategic
1,0.45,60,5.8648909199582455,0.0,1.4163683613982025,0.022222222222222223,4.2318047108720425,0.4923506703770737,1,0.65,71.16203427651672,1.3595522581291584,1.3595522581291584,7.224840221514362,2.0,53.06203427651663,168.99816527292634,4.705492060348416,3.0585698392264704,2.0215185562982576,4.8,14.400000000000091,3529.1441365892033,0.7544887656123457,0.7544887656123457,0.3833066881968271,1.2333333333333334,3.700000000000003,87.58187465587925,strategic
2,0.45,60,-362.7455643433838,0.0,1.6480117120877145,0.12222222222222222,4.486643810278246,0.2943910546691003,1,0.65,52.940722412109295,1.2391077478448207,1.2391077478448207,7.740915078259387,2.1,33.24072241210921,291.8850190892646,5.409139333395722,3.5159405667072194,1.920344818638393,5.466666666666667,16.40000000000009,5286.941837943001,0.8127691289404769,0.8127691289404769,0.3964679666292241,1.1,3.299999999999997,137.9246371659507,strategic
3,0.45,60,-403.2170394913486,0.0,1.957492784546925,0.12777777777777777,5.476274157369066,0.2606269337016643,2,0.65,66.74894664241214,0.9353358894634258,0.9353358894634258,4.12700485959086,1.25,3.75,358.2852107990215,7.125480457400774,4.631562297310503,3.310168516552201,7.183333333333334,21.550000000000182,8336.473915082734,1.3167806550997514,1.3167806550997514,0.4281500404565736,2.283333333333333,41.448946642411954,276.8746402722047,strategic
4,0.45,60,110.7472506712913,0.0,0.9889097042998309,0.0,5.272853593381243,0.8947254071854369,3,0.65,87.35901256093973,1.0246792793603514,1.0246792793603514,4.3998335643329956,2.0,61.70901256094009,419.5377117613236,7.608368155333225,4.945439300966596,1.6088059096256593,7.55,22.649999999999636,11760.414689448684,0.9275683553417863,0.9275683553417863,0.9636060179300425,1.0,2.999999999999993,329.52874159271187,strategic
5,0.45,60,-50.86339630127826,0.0,1.2032560351079697,0.044444444444444446,6.304700669611062,0.7219052463171395,3,0.65,80.35014052667916,1.1524726055970185,1.1524726055970185,4.338949983907727,2.0166666666666666,50.70014052667925,508.28675651188354,9.091772195184685,5.909651926870046,1.624145551471883,8.866666666666667,26.59999999999991,16570.637497286938,0.713175834840227,0.713175834840227,0.9599641063626749,1.0166666666666666,3.049999999999997,369.98246751796574,strategic
6,0.45,60,-311.53587285018057,0.0,1.6785165532718505,0.1111111111111111,5.133064006736401,0.0641076098441325,3,0.65,53.48620354004625,1.840669145549324,1.840669145549324,4.294512364227383,2.183333333333333,33.18620354004619,716.2282110387988,5.573981727879542,3.6230881231217027,1.64859580003764,5.65,16.950000000000045,18443.2673030381,0.911316904998533,0.911316904998533,0.941772782201832,1.1166666666666667,3.3500000000000085,427.69070015286746,strategic
7,0.45,60,24.78570327371563,0.0,0.44376146976332964,0.022222222222222223,4.766941205651258,2.1540041801928598,5,1.2,1206.4176868034324,1.0408860295683942,1.0408860295683942,5.432556865197353,2.0,52.07620037493032,789.0583342120758,5.178381564358853,6.214057877230624,2.572060768918491,7.0,1151.141486428502,19467.04607364032,0.7239327649937175,0.7239327649937175,0.6894862402239527,1.0666666666666667,3.200000000000003,470.8223971124654,strategic
8,0.45,60,-615.9443393234525,0.0,1.743208795415299,0.2111111111111111,7.267266658379987,0.1299308698597231,5,0.65,301.60820081254974,5.428594667984535,5.428594667984535,5.345172507554207,7.6,278.7874899793892,2985.710012833635,4.154895429116018,2.700682028925412,2.6112711811912983,3.933333333333333,19.42071083316057,20428.18068407854,0.8910449357881778,0.8910449357881778,0.6806067513778663,1.1333333333333333,3.3999999999999986,528.0134527460615,strategic
9,0.45,60,-106.96709615595944,0.0,1.7031746993439192,0.05555555555555555,4.910224727386143,0.3626680881833732,4,0.65,63.2795659687589,1.2026553760686456,1.2026553760686456,9.729079542089483,2.466666666666667,45.32956596875886,3118.373442523036,4.769254721997309,3.100015569298251,2.277114150611446,4.65,13.950000000000045,21744.852751515788,0.8582373875774169,0.8582373875774169,0.34997623176590525,1.3333333333333333,4.0,592.6724437522548,strategic
0,0.85,30,-220.29166463934666,0.0,0.967486248652645,0.15555555555555556,8.557830111260627,0.8910135630668824,0,1.0,1343.7990378827249,2.9109140952985393,2.9109140952985393,3.6640625000000004,3.5,31.892262512467653,273.7537174938789,9.605509872705454,9.605509872705454,2.08609375,10.0,1049.9811630874096,1831.6717987242268,4.011858682749939,4.011858682749939,0.46375000000000005,5.0,261.9256122828476,339.8531901296435,truthful
1,0.85,30,-274.61371378027485,0.0,0.905036099264002,0.18888888888888888,8.78612259349551,0.44037534456254446,1,1.0,1841.9275825270092,1.535946672687552,1.535946672687552,7.3964399203191595,2.7666666666666666,12.926372535560859,388.31091879138484,11.398791013308188,11.398791013308188,1.7936346781223338,12.0,1797.6322907743897,4137.604272740786,1.697559736743872,1.697559736743872,0.47135670043699085,2.0,31.368919217058533,410.33785511721726,truthful
2,0.85,30,23.520966492582623,0.0,0.555426789073174,0.03333333333333333,12.457760013359351,0.3084618632315595,2,1.0,3337.286215866102,2.2723049322854814,2.2723049322854814,3.7041984988923544,3.033333333333333,65.52449157958293,529.5661760497807,16.580703104736568,16.580703104736568,3.3582035972921203,17.0,3240.2051693992407,9353.557686757198,1.903569485583978,1.903569485583978,0.4659009762631015,2.0,31.556554887278153,492.9954693649778,truthful
3,0.85,30,78.98620510570743,0.0,0.5338432677662827,0.0,8.308266842658762,1.3102342662798578,1,1.0,1169.9346703078652,2.041754679719882,2.041754679719882,6.878092065350461,3.0,85.72624553232644,627.5978516922436,9.949192906604537,9.949192906604537,1.99636054331974,10.0,1056.580703641796,11281.734855096764,1.128189070730718,1.128189070730718,0.4145838774059798,2.1333333333333333,27.627721133742824,537.5718487580009,truthful
4,0.85,30,-177.2072715232877,0.0,1.1506134434682689,0.14444444444444443,7.999535934790946,0.8045544341068286,2,1.0,1280.638060292863,1.5960241499110555,1.5960241499110555,3.656990151700152,2.1,16.001325746135635,712.1460473905044,9.062265429172621,9.062265429172621,3.5113930484829945,10.0,1252.2150634486038,12748.199420399946,1.7101957610523737,1.7101957610523737,0.4314538361905912,2.3666666666666667,12.42167109812361,646.5740766945959,truthful
5,0.85,30,-306.9846012959351,0.0,1.1480009245612344,0.2111111111111111,7.151549145754542,0.2737148109793547,3,1.0,772.4152653878349,1.8382102181454323,1.8382102181454323,4.016065835113523,2.5,5.649973356779526,844.3618403946323,7.869291275185781,7.869291275185781,1.704731428434478,8.0,741.6376171157731,13895.191709328761,1.4961399529793635,1.4961399529793635,0.9415463747550573,2.2,25.12767491528227,720.1916386759516,truthful
6,0.85,30,93.55668224153642,0.0,0.8607747118631922,0.0,7.562881004895501,1.0114091067793067,4,1.0,1087.4376403471285,2.002144499511855,2.002144499511855,8.094101626566612,3.0,88.68623154144873,935.8686138092505,8.882090823963392,8.882090823963392,2.4970903490046084,9.0,984.4779849594752,15308.878246839402,1.8326768828663507,1.8326768828663507,0.356475781746098,3.8333333333333335,14.273423846204736,916.6760563593772,truthful
7,0.85,30,-248.2947958985276,0.0,0.9870734589019408,0.18888888888888888,10.457213068558037,0.5043723457694391,4,1.0,2170.656699362406,2.055725972484565,2.055725972484565,8.134912562182846,3.9,34.74498979110578,1141.643562798839,12.415946534646173,12.415946534646173,2.487213524181321,13.0,2110.8907076720343,18040.206687679376,1.769294266609101,1.769294266609101,0.3576360826307464,2.066666666666667,25.021001899266025,1001.3512989898754,truthful
8,0.85,30,-93.71883976941177,0.0,0.5255352023032596,0.08888888888888889,8.553751914148199,1.0421011203930557,5,1.0,1951.8090392059676,1.839055337685026,1.839055337685026,4.972238101642261,2.4,15.95566342588721,1258.0998836862736,11.22715925593804,11.22715925593804,2.7002734260655887,12.0,1843.3698209853815,20238.61419883169,2.1126181343812176,2.1126181343812176,0.6848932825039978,3.0,92.48355479469882,1099.0033762894861,truthful
9,0.85,30,-249.79108445379134,0.0,0.8146237333932108,0.18888888888888888,8.780984591786929,0.8799326349337858,5,1.0,1976.7126095711608,2.239104945347729,2.239104945347729,4.951719856905807,3.1,38.854764771058285,1427.4818788325542,11.369613808324932,11.369613808324932,2.7025685600730682,12.0,1856.7297679897806,22474.945401838882,2.4039850700579226,2.4039850700579226,0.6865299953784585,3.033333333333333,81.1280768103218,1236.6379408544353,truthful
10,0.85,30,-44.80003050885432,0.0,0.800131383291376,0.06666666666666667,8.042548954548023,0.8474511688124944,6,1.0,1564.4215761809771,1.2391196364235724,1.2391196364235724,3.304099260630957,2.0,18.792995171250567,1483.036061846718,10.213627557859864,10.213627557859864,4.2929963837335015,11.0,1527.3867591481053,24318.055736784532,1.601770722275921,1.601770722275921,0.5364029614156832,2.3333333333333335,18.241821861621247,1330.5200695521285,truthful
11,0.85,30,-74.19013538589915,0.0,1.1183765884014278,0.07777777777777778,9.871232277128522,0.20457489009152835,7,1.0,1823.33499247614,1.5445973958300188,1.5445973958300188,6.012611247627276,2.2,18.012443115201734,1566.9670468562974,11.930752541097945,11.930752541097945,1.8050433788048235,12.0,1790.08849620814,26823.03815537165,1.5273400828950379,1.5273400828950379,0.7393529157848576,2.4,15.23405315279841,1425.2545023677728,truthful
12,0.85,30,-318.3185673909826,0.0,1.0350252637320634,0.2111111111111111,6.5462717227652965,0.6157541295917375,6,1.0,627.5057274245091,1.9025532841998245,1.9025532841998245,3.26096423317372,2.6,4.884168932231148,1710.4820340916526,6.820114674515005,6.820114674515005,4.335548064598452,7.0,535.8185855256487,27719.44365149415,2.2581335024598475,2.2581335024598475,0.5322585512244897,3.033333333333333,86.80297296662934,1543.9416781249897,truthful
13,0.85,30,-70.84415527499378,0.0,1.0515190706850839,0.08888888888888889,7.802688464265544,0.5411578415893966,7,1.0,858.4468242246483,2.2311709042932484,2.2311709042932484,6.014359676509548,3.033333333333333,58.46581829049873,1855.0527680918394,7.853870361660074,7.853870361660074,1.800888692428271,8.0,753.611555306509,28850.76098298606,2.026130741428888,2.026130741428888,0.742742085256654,3.7,46.36945062764045,1722.4727397959557,truthful
14,0.85,30,-275.1489805229919,0.0,1.0661441068524862,0.18888888888888888,7.10475677523911,0.4032093892025498,1,1.0,1268.3890743356446,1.7908546247064359,1.7908546247064359,6.977179967931108,2.5,9.29897411625177,1980.0678908285704,9.387581209072248,9.387581209072248,1.9894702870109515,10.0,1257.1901002193927,30409.84524548834,0.9618230756318039,0.9618230756318039,0.41171101671642857,1.2666666666666666,1.8999999999999986,1757.1220166699643,truthful
15,0.85,30,-88.63609378211781,0.0,0.6746650084237804,0.1,9.454529817131384,0.8829457404993095,7,1.0,1946.5877275274056,2.5438581588110605,2.5438581588110605,6.068251447900247,3.0,50.63637593800459,2158.3787491835615,11.065189970986662,11.065189970986662,1.7961133829290405,12.0,1870.6172632453195,32522.696371798218,1.5098153768335612,1.5098153768335612,0.7402544473187265,2.2,25.334088344081565,1831.4357431968976,truthful
16,0.85,30,-483.35743570146207,0.0,2.364400273246964,0.25555555555555554,21.622515628150953,0.02692917497368942,2,1.0,6171.213573464862,10.98012825788572,10.98012825788572,3.6962152039252354,12.133333333333333,361.4743405992235,5793.67109445474,21.645406264490695,21.645406264490695,3.493028650337848,22.0,5786.151200149474,41022.513306212604,1.9549769475862737,1.9549769475862737,0.43158905141376763,2.033333333333333,23.58803271616452,1927.101304283496,truthful
17,0.85,30,-367.46043200757634,0.0,1.8515985366825007,0.23333333333333334,10.02034678260708,0.148000897939477,4,1.0,685.7101793573161,2.0375280032296117,2.0375280032296117,8.59188373115699,6.566666666666666,23.265814021799883,6171.798297069174,9.077696555523364,9.077696555523364,2.4551585894199195,10.0,586.0018071368527,43159.82046573276,2.8203512182397477,2.8203512182397477,0.3469458899072942,3.0,76.44255819866348,2104.4903557264097,truthful
18,0.85,30,-14.655910867426076,0.0,0.5262246978050845,0.05555555555555555,9.37337555406241,0.6830080995609868,6,1.0,1716.2546235940729,2.4263224830914196,2.4263224830914196,3.5044985335187726,3.033333333333333,68.04236634509886,6324.551276685394,11.785426291682006,11.785426291682006,4.207310377191965,12.0,1560.4750932129537,45842.09883752533,2.4981518834123655,2.4981518834123655,0.5262038940621447,3.0,87.73716403602043,2241.586861197502,truthful
19,0.85,30,-131.0536792872125,0.0,0.7423184262390008,0.1111111111111111,6.996029397437364,1.0316579057608921,0,1.0,1014.5867017166228,1.6881510515033862,1.6881510515033862,3.8810069145487835,2.033333333333333,18.61243498928218,6408.916055837819,8.378934055343997,8.378934055343997,1.9565665531548373,9.0,920.572974464807,47183.8380580034,2.0142409664648784,2.0142409664648784,0.5031231956490273,3.1666666666666665,75.4012922625336,2357.538460749132,truthful
0,0.85,30,-228.18268453027636,0.0,1.5978455843032346,0.15555555555555556,8.153402667260627,0.8696546624350143,0,0.65,357.6165261333836,2.9109140952985393,2.9109140952985393,3.6640625000000004,3.5,31.892262512467653,273.7537174938789,9.605509872705454,6.243581417258546,2.08609375,9.5,63.79865133806834,2673.771662382986,4.011858682749939,4.011858682749939,0.46375000000000005,5.0,261.9256122828476,339.8531901296435,strategic
1,0.85,30,-283.76371019239696,0.0,1.7598802703185321,0.18888888888888888,8.662445611593006,0.24852418655884592,1,0.65,61.54529175261939,1.535946672687552,1.535946672687552,7.839304218086079,2.7666666666666666,12.926372535560859,388.31091879138484,11.398791013308188,7.409214158650322,1.6556902429554503,11.5,17.25,6589.104561974312,1.697559736743872,1.697559736743872,0.504673233741728,2.0,31.368919217058533,410.33785511721726,strategic
2,0.85,30,24.086498262826375,0.0,0.3163831384436717,0.03333333333333333,13.1818584477058,14.304045436006135,2,1.9,14733.531403121558,2.2723049322854814,2.2723049322854814,3.964384961640473,3.033333333333333,65.52449157958293,529.5661760497807,16.580703104736568,31.503335898999477,3.095263684524973,32.0,14636.450356654697,7870.129185866722,1.903569485583978,1.903569485583978,0.5037076874582526,2.0,31.556554887278153,492.9954693649778,strategic
3,0.85,30,71.02770052341104,0.0,1.0791319890554425,0.0,7.726721858658763,1.3102342662798578,1,0.65,213.2820734596933,2.041754679719882,2.041754679719882,6.661759982157213,3.0,85.72624553232644,627.5978516922436,9.949192906604537,6.46697538929295,2.05834342527401,9.133333333333333,99.92810679362401,10496.27993548274,1.128189070730718,1.128189070730718,0.4006357660349649,2.1333333333333333,27.627721133742824,537.5718487580009,strategic
4,0.85,30,-186.35366773795414,0.0,2.04258176806475,0.14444444444444443,7.897736010102588,0.16906855195323625,2,0.65,41.422996844259245,1.5960241499110555,1.5960241499110555,3.6013033477044183,2.1,16.001325746135635,712.1460473905044,9.062265429172621,5.890472528962204,3.5611928767876764,8.666666666666666,13.0,12839.46894706762,1.7101957610523737,1.7101957610523737,0.4250559953863976,2.3666666666666667,12.42167109812361,646.5740766945959,strategic
5,0.85,30,-314.2855657264832,0.0,1.9029919044524415,0.2111111111111111,7.24922493706788,0.25193002351031824,3,0.65,42.82764827206175,1.8382102181454323,1.8382102181454323,4.0047584259088245,2.5,5.649973356779526,844.3618403946323,7.869291275185781,5.115039328870758,1.7092354781370231,8.033333333333333,12.049999999999955,14723.918144387393,1.4961399529793635,1.4961399529793635,0.93893025396202,2.2,25.12767491528227,720.1916386759516,strategic
6,0.85,30,84.29063399355643,0.0,1.7483746265112687,0.0,7.50343904930252,0.9703738611201206,4,0.65,115.85965538765333,2.002144499511855,2.002144499511855,8.143430221120685,3.0,88.68623154144873,935.8686138092505,8.882090823963392,5.773359035576204,2.4828424868062484,8.6,12.899999999999864,17002.597576969947,1.8326768828663507,1.8326768828663507,0.35857469552710364,3.8333333333333335,14.273423846204736,916.6760563593772,strategic
7,0.85,30,-258.15098769216934,0.0,1.8661798251963424,0.18888888888888888,10.164445929098129,0.29021940847303573,4,0.65,77.7659916903718,2.055725972484565,2.055725972484565,8.25448212756613,3.9,34.74498979110578,1141.643562798839,12.415946534646173,8.070365247520012,2.4527871437560638,12.0,18.0,21454.33832944257,1.769294266609101,1.769294266609101,0.3626906797807153,2.066666666666667,25.021001899266025,1001.3512989898754,strategic
8,0.85,30,-92.98395999681021,0.0,0.5838904435723048,0.08888888888888889,9.29563611813216,4.972251151695645,5,1.5,3816.882850287576,1.839055337685026,1.839055337685026,5.093042776734744,2.4,15.95566342588721,1258.0998836862736,11.22715925593804,16.84073888390706,2.63945321661151,17.0,3708.44363206699,23471.74591790398,2.1126181343812176,2.1126181343812176,0.7007299715432463,3.0,92.48355479469882,1099.0033762894861,strategic
9,0.85,30,-250.6501239763786,0.0,0.7851269691223313,0.18888888888888888,8.87892267500274,7.139836227303391,5,1.5,4658.468211863192,2.239104945347729,2.239104945347729,4.986405244634921,3.1,38.854764771058285,1427.4818788325542,11.369613808324932,17.0544207124874,2.6848809908415587,18.0,4538.485370281812,25072.85200411763,2.4039850700579226,2.4039850700579226,0.691198116836426,3.033333333333333,81.1280768103218,1236.6379408544353,strategic
10,0.85,30,-55.91944849091039,0.0,1.612342822517047,0.06666666666666667,7.320742026294463,0.4608806249316976,6,0.65,111.89355634404225,1.2391196364235724,1.2391196364235724,3.28694185310193,2.0,18.792995171250567,1483.036061846718,10.213627557859864,6.638857912608912,4.314052637231131,9.0,74.85873931117044,27755.672705428624,1.601770722275921,1.601770722275921,0.5336681836600605,2.3333333333333335,18.241821861621247,1330.5200695521285,strategic
11,0.85,30,-82.8215536167311,0.0,1.9605929937694047,0.07777777777777778,9.874684844264005,0.18610890105098038,7,0.65,50.84649626800005,1.5445973958300188,1.5445973958300188,6.023735324771604,2.2,18.012443115201734,1566.9670468562974,11.930752541097945,7.754989151713665,1.801891493342194,11.733333333333333,17.59999999999991,31937.697599895102,1.5273400828950379,1.5273400828950379,0.7407186451896697,2.4,15.23405315279841,1425.2545023677728,strategic
12,0.85,30,-325.0697555374004,0.0,1.7929921867554457,0.2111111111111111,6.79061508897039,0.5977655970432381,6,0.65,102.53714189886051,1.9025532841998245,1.9025532841998245,3.290034615623343,2.6,4.884168932231148,1710.4820340916526,6.820114674515005,4.433074538434753,4.299487612435537,7.233333333333333,10.850000000000023,33406.812484264854,2.2581335024598475,2.2581335024598475,0.5369931910259621,3.033333333333333,86.80297296662934,1543.9416781249897,strategic
13,0.85,30,-78.63145726502053,0.0,1.837005246643977,0.08888888888888889,7.857888437571898,0.5311915863393494,7,0.65,116.98526891813904,2.2311709042932484,2.2311709042932484,6.090493677143039,3.033333333333333,58.46581829049873,1855.0527680918394,7.853870361660074,5.105015735079048,1.779128315955658,8.1,12.149999999999864,35303.152982148255,2.026130741428888,2.026130741428888,0.7522528876431077,3.7,46.36945062764045,1722.4727397959557,strategic
14,0.85,30,-284.3606254218309,0.0,1.9244531138322678,0.18888888888888888,6.949902282087743,0.03330992505994615,7,0.65,24.198974116251996,1.7908546247064359,1.7908546247064359,6.161231057422378,2.5,9.29897411625177,1980.0678908285704,9.387581209072248,6.101927785896962,1.7615041501892983,8.666666666666666,13.000000000000227,37730.924096507035,0.9618230756318039,0.9618230756318039,0.7588393866988262,1.2666666666666666,1.8999999999999986,1757.1220166699643,strategic
15,0.85,30,-89.4679872175355,0.0,0.6550913542446553,0.1,9.930257248673572,10.25573919512021,2,1.9,6851.411324904761,2.5438581588110605,2.5438581588110605,3.756762137944465,3.0,50.63637593800459,2158.3787491835615,11.065189970986662,21.023860944874656,3.4217293671466087,22.0,6775.440860622675,38258.508616735555,1.5098153768335612,1.5098153768335612,0.443031471100111,2.2,25.334088344081565,1831.4357431968976,strategic
16,0.85,30,-572.8193916604012,0.0,4.84218120296333,0.4111111111111111,16.929566248150955,0.015109383790045939,4,0.65,1343.8030474307252,10.98012825788572,10.98012825788572,8.159056988194738,12.133333333333333,361.4743405992235,5793.67109445474,21.645406264490695,14.069514071918952,2.4872266451802543,15.0,958.7406741153372,47040.20076164103,1.9549769475862737,1.9549769475862737,0.3565566017134752,2.033333333333333,23.58803271616452,1927.101304283496,strategic
17,0.85,30,-526.2006790268254,0.0,6.528211763986201,0.5666666666666667,11.813670546607076,0.148000897939477,0,0.65,119.20837222046336,2.0375280032296117,2.0375280032296117,3.9649319494529567,6.566666666666666,23.265814021799883,6171.798297069174,9.077696555523364,5.900502761090187,1.9380625549721266,13.0,19.5,50561.00241829514,2.8203512182397477,2.8203512182397477,0.5013373820915948,3.0,76.44255819866348,2104.4903557264097,strategic
18,0.85,30,-157.12823715781798,0.0,3.593844483156226,0.37777777777777777,10.045774965224556,0.6687031856731206,6,0.65,175.2795303811193,2.4263224830914196,2.4263224830914196,3.5716481701068106,3.033333333333333,68.04236634509886,6324.551276685394,11.785426291682006,7.660527089593304,4.135354196733838,13.0,19.5,55137.81867205112,2.4981518834123655,2.4981518834123655,0.5341584072548726,3.0,87.73716403602043,2241.586861197502,strategic
19,0.85,30,-155.59132880158947,0.0,2.231638494027042,0.15555555555555556,8.685784626176217,0.8151105213987611,0,0.65,111.31372725181573,1.6881510515033862,1.6881510515033862,3.973809301105425,2.033333333333333,18.61243498928218,6408.916055837819,8.378934055343997,5.446307135973599,1.9144378547425531,11.533333333333333,17.299999999999955,58019.629855200146,2.0142409664648784,2.0142409664648784,0.5128155452915582,3.1666666666666665,75.4012922625336,2357.538460749132,strategic
0,0.85,60,-32.420942325448266,0.0,0.6831095867070479,0.044444444444444446,6.891956804147278,0.5158602027249638,0,1.0,1873.2881171342235,1.6695273232635004,1.6695273232635004,3.6640625000000004,2.0,46.386962623883534,153.95631616773645,8.501480671906085,8.501480671906085,2.08609375,9.0,1771.4384324356156,2819.361130393672,1.5189141983110925,1.5189141983110925,0.46375000000000005,2.1,55.46272207472438,135.9204669124733,truthful
1,0.85,60,-339.9065335954926,0.0,1.1775226013624664,0.14444444444444443,10.242592650111764,0.2592263494979553,1,1.0,4379.816807112406,2.6534791207871984,2.6534791207871984,7.0356529423083485,3.55,85.66274216768124,633.4846267277285,12.686883974101487,12.686883974101487,2.0122728452134013,13.0,4256.16512373218,8458.965506460656,1.7251686294761985,1.7251686294761985,0.3984415482966986,2.716666666666667,37.988941212544745,379.13401230454895,truthful
2,0.85,60,-528.4076459177005,0.0,1.1058095245735435,0.18888888888888888,9.616636978522832,0.2379027671743351,1,1.0,2001.6271519505542,8.57611622927396,8.57611622927396,7.1351389711050315,10.316666666666666,776.9851700614718,5165.11540258684,6.751374818784333,6.751374818784333,2.0163026757242064,7.0,1171.9611251262095,10122.581805223866,1.866896343642075,1.866896343642075,0.3908411817152033,2.1166666666666667,52.68085676287291,563.5489911842195,truthful
3,0.85,60,-402.04967485318247,0.0,0.7021498309393753,0.15555555555555556,9.81734816945332,0.43917262856785355,2,1.0,3778.238663382314,2.6935536504845636,2.6935536504845636,4.611780765838704,4.8,69.25373824755468,5871.60511567884,11.886093614246896,11.886093614246896,3.139963989701706,12.0,3647.8579419725284,15032.711265509102,1.5974240887643747,1.5974240887643747,0.4149767377124406,2.0,61.12698316223086,694.1128986737136,truthful
4,0.85,60,-368.63623099327447,0.0,1.2385344287517503,0.1388888888888889,7.667571656364706,0.415386360504159,3,1.0,2106.379606983337,1.8157395628061745,1.8157395628061745,4.860111880994662,2.3833333333333333,24.034884569334025,6107.220988590789,8.387218987223301,8.387218987223301,1.5719834456078876,9.0,1988.0702286509313,17573.739289958754,2.810192461170982,2.810192461170982,0.8983853245169044,3.966666666666667,94.27449376307152,1268.6642106693355,truthful
5,0.85,60,-260.04352555316757,0.0,1.0203655872058786,0.11666666666666667,10.899291287855494,0.21087439244285947,4,1.0,4900.972136467837,2.274419162271811,2.274419162271811,9.432308903588444,3.0833333333333335,86.20100039484049,6441.787533216233,14.852928711240555,14.852928711240555,2.3110057966503255,15.0,4765.283892796831,26176.091237278422,1.8544337056696623,1.8544337056696623,0.35297637994810904,2.1166666666666667,49.48724327616537,1454.6900480132172,truthful
6,0.85,60,-261.233658902237,0.0,0.8836197482756802,0.1111111111111111,8.77472741806875,0.8949235563954346,5,1.0,3173.763570356903,1.3379407068788276,1.3379407068788276,5.576620844096075,2.183333333333333,34.32122149207473,6582.736544325285,10.374769632661438,10.374769632661438,2.5653564297112177,11.0,2999.7580241350606,30023.681170699914,2.123382284255015,2.123382284255015,0.6729273119820482,3.15,139.68432472976815,1716.3249750076468,truthful
7,0.85,60,-324.68724216145023,0.0,1.0142654091103467,0.1388888888888889,9.248430365345829,0.36023154399093316,6,1.0,2508.824316070421,2.6870556672348713,2.6870556672348713,3.6258201633670035,3.15,80.73291100494265,7009.857154427733,9.894195831081058,9.894195831081058,4.124986043932595,10.0,2304.009236979724,33656.189432368825,2.315160308247302,2.315160308247302,0.528036823898551,3.183333333333333,124.08216808575423,2034.4384257971274,truthful
8,0.85,60,-184.36083699094758,0.0,1.274922807174852,0.08333333333333333,7.8958376066663725,0.13187731241202805,7,1.0,1734.494524501842,1.9092027746041995,1.9092027746041995,6.633630999423395,2.316666666666667,28.679432428186544,7246.55690766953,8.65889845716206,8.65889845716206,1.7220981171060932,9.0,1674.258914162603,36657.735685073734,1.7480341898772858,1.7480341898772858,0.7349054543918777,2.4,31.556177911052316,2254.599171228404,truthful
9,0.85,60,-196.3995586925829,0.0,0.6456809884271103,0.09444444444444444,8.875882720979858,0.6084205329278142,3,1.0,3771.876021461035,1.5790328771986377,1.5790328771986377,4.39659407058857,2.1,30.81230831259066,7414.702741883968,11.35777511814109,11.35777511814109,1.6295810244416915,12.0,3691.5916749115495,41143.742095223766,1.7430211073292208,1.7430211073292208,0.9400214649532826,2.1,49.472038236895116,2424.7477925149906,truthful
0,0.85,60,-47.85624074424868,0.0,1.3470358488199954,0.044444444444444446,6.703112625757799,0.42993529237547656,0,0.65,171.8418794971119,1.6695273232635004,1.6695273232635004,3.6640625000000004,2.0,46.386962623883534,153.95631616773645,8.501480671906085,5.525962436738956,2.08609375,8.5,69.99219479850399,4265.762947873601,1.5189141983110925,1.5189141983110925,0.46375000000000005,2.1,55.46272207472438,135.9204669124733,strategic
1,0.85,60,-359.5512622427788,0.0,2.0840070338672576,0.14444444444444443,10.077060290767482,0.19581993012781407,1,0.65,160.95168338022617,2.6534791207871984,2.6534791207871984,7.483422010787086,3.55,85.66274216768124,633.4846267277285,12.686883974101487,8.246474583165966,1.8990782859871997,12.433333333333334,37.30000000000018,13692.878392553313,1.7251686294761985,1.7251686294761985,0.42080747325466383,2.716666666666667,37.988941212544745,379.13401230454895,strategic
2,0.85,60,-543.088253371896,0.0,1.9260507682619081,0.18888888888888888,9.830683538737272,0.12027051057067219,1,0.65,850.4660268243447,8.57611622927396,8.57611622927396,7.711665542316152,10.316666666666666,776.9851700614718,5165.11540258684,6.751374818784333,4.388393632209817,1.879365747736677,6.933333333333334,20.799999999999955,16480.650317167594,1.866896343642075,1.866896343642075,0.4158446726505847,2.1166666666666667,52.68085676287291,563.5489911842195,strategic
3,0.85,60,-421.2370052238338,0.0,1.5821321865888673,0.15555555555555556,9.648638294625034,0.3951918877130564,2,0.65,164.13072140978645,2.6935536504845636,2.6935536504845636,5.070272259334417,4.8,69.25373824755468,5871.60511567884,11.886093614246896,7.725960849260482,2.8487467253371324,11.25,33.75000000000091,24470.013506784246,1.5974240887643747,1.5974240887643747,0.4365807652818007,2.0,61.12698316223086,694.1128986737136,strategic
4,0.85,60,-385.661575311729,0.0,2.12198364172234,0.1388888888888889,7.765959991539991,0.09388680078139032,3,0.65,143.9093783324059,1.8157395628061745,1.8157395628061745,5.357436733936965,2.3833333333333333,24.034884569334025,6107.220988590789,8.387218987223301,5.451692341695146,1.4290237189804889,8.533333333333333,25.600000000000364,28738.669628242576,2.810192461170982,2.810192461170982,0.9488289644123441,3.966666666666667,94.27449376307152,1268.6642106693355,strategic
5,0.85,60,-437.0685193641055,0.0,3.407729419189898,0.28888888888888886,9.675976707495492,0.20597201615087796,4,0.65,182.9922344899707,2.274419162271811,2.274419162271811,10.361133523906814,3.0833333333333335,86.20100039484049,6441.787533216233,14.852928711240555,9.654403662306361,2.097770709565141,12.866666666666667,47.30399081896485,40157.826602501314,1.8544337056696623,1.8544337056696623,0.3759000451487045,2.1166666666666667,49.48724327616537,1454.6900480132172,strategic
6,0.85,60,-331.71449199170405,0.0,2.6093839499200646,0.17222222222222222,9.910112636804877,0.6756867322633577,5,0.65,210.4555462218427,1.3379407068788276,1.3379407068788276,6.1271731178377085,2.183333333333333,34.32122149207473,6582.736544325285,10.374769632661438,6.743600261229935,2.3381964026145927,12.15,36.44999999999982,47684.58366471151,2.123382284255015,2.123382284255015,0.7181669313256328,3.15,139.68432472976815,1716.3249750076468,strategic
7,0.85,60,-339.9147840955549,0.0,1.7978773155573378,0.1388888888888889,9.357735298598923,0.34943754346391925,6,0.65,235.0150790906967,2.6870556672348713,2.6870556672348713,3.9750927856855487,3.15,80.73291100494265,7009.857154427733,9.894195831081058,6.431227290202688,3.765183894638094,10.066666666666666,30.199999999999818,53630.47794668446,2.315160308247302,2.315160308247302,0.565605985412923,3.183333333333333,124.08216808575423,2034.4384257971274,strategic
8,0.85,60,-198.742554653821,0.0,1.951598240641957,0.08333333333333333,7.8297456375074255,0.08877429029468313,7,0.65,86.48561033923932,1.9092027746041995,1.9092027746041995,7.269628157473137,2.316666666666667,28.679432428186544,7246.55690766953,8.65889845716206,5.628283997155339,1.5701170748573396,8.75,26.250000000000455,58150.14963669454,1.7480341898772858,1.7480341898772858,0.788505332919568,2.4,31.556177911052316,2254.599171228404,strategic
9,0.85,60,-214.62022734061648,0.0,1.5269730391985654,0.09444444444444444,8.786060094954893,0.29113514919775674,3,0.65,113.28434654948487,1.5790328771986377,1.5790328771986377,4.816006097927335,2.1,30.81230831259066,7414.702741883968,11.35777511814109,7.382553826791709,1.4858871470401274,11.0,32.99999999999909,65613.28121466766,1.7430211073292208,1.7430211073292208,1.009670418630214,2.1,49.472038236895116,2424.7477925149906,strategic
0,1.25,30,-371.17977653640094,0.0,1.0295379689827628,0.26666666666666666,11.917185520339364,0.5290516689650551,0,1.0,2588.3643766209993,3.6326898826447023,3.6326898826447023,3.6640625000000004,4.533333333333333,32.77450164917411,461.27132239050536,13.943227540327893,13.943227540327893,2.08609375,14.0,2473.1546608678727,3383.000906069841,2.2687961310733886,2.2687961310733886,0.46375000000000005,3.0,82.43521410395279,121.75643769265214,truthful
1,1.25,30,-345.30972565439316,0.0,0.9885118834402256,0.24444444444444444,10.882765551588484,0.5266840792763466,1,1.0,1865.5787622384526,2.6350049605113433,2.6350049605113433,7.485175866915287,4.266666666666667,14.47814050159792,784.0738168343593,11.196738677531382,11.196738677531382,1.9678594696746627,12.0,1761.419596282643,5652.407233698494,2.5998529602757467,2.5998529602757467,0.3910752704628717,3.0,89.68102545421166,266.06217866325755,truthful
2,1.25,30,-211.9310596238888,0.0,1.0940429661224387,0.17777777777777778,15.25320223994195,0.4869427475402733,2,1.0,4874.300680694153,3.2847921149528116,3.2847921149528116,3.8940451763186252,4.1,73.0697618780863,1115.0334850954687,18.391805794023973,18.391805794023973,3.4013837151823503,19.0,4740.624544770972,11395.111991521188,2.6843342827508163,2.6843342827508163,0.43201596004731524,3.6333333333333333,60.60637404509521,498.04824143800124,truthful
3,1.25,30,-236.1422880752156,0.0,1.1000750873945246,0.18888888888888888,12.732937684041266,0.6111898598109721,0,1.0,2721.791688006172,3.819794771431236,3.819794771431236,3.8013728710617296,4.433333333333334,49.1779972652086,1573.8881924306143,14.721896524592298,14.721896524592298,1.9818154331322968,15.0,2596.0423497667684,15423.923077820953,2.0759532668787433,2.0759532668787433,0.5006764109801212,3.1,76.5713409741954,614.5405542835289,truthful
4,1.25,30,-385.9406364998081,0.0,0.9617175344355208,0.2777777777777778,11.963492312076578,0.8340507251661603,7,1.0,2571.6156354601617,3.1669348732182576,3.1669348732182576,6.3573503261184445,4.533333333333333,42.06032575328152,1962.5310094350157,13.906181970181997,13.906181970181997,1.7804490683406544,14.0,2438.903753796759,18825.615751500634,2.069670175182326,2.069670175182326,0.7182756523388225,3.0,90.6515559101211,710.1593141398171,truthful
5,1.25,30,-127.94555238938663,0.0,0.7651519226368644,0.13333333333333333,22.985171371821696,0.45476127844156833,1,1.0,12084.16778972455,3.3964924480001377,3.3964924480001377,7.3258217510707215,4.266666666666667,82.63728108100315,2314.64476169803,29.91184928543409,29.91184928543409,1.9806064276924726,30.0,11916.95145654039,33829.32865185093,2.5210990041475627,2.5210990041475627,0.394977778938993,3.0,84.57905210315695,852.4791724099407,truthful
6,1.25,30,-171.37824807098744,0.0,0.9858085281714185,0.14444444444444443,10.847291019189283,0.7658024840410247,2,1.0,1985.3697264309928,2.2994201620244445,2.2994201620244445,3.7248982152120247,3.066666666666667,43.33220341485841,2482.8592131894206,11.250711003655143,11.250711003655143,3.5641101075856687,12.0,1819.564360494157,36060.02025267262,3.056111183714164,3.056111183714164,0.40958523809813274,4.366666666666666,122.47316252197749,1130.3565749545187,truthful
7,1.25,30,-235.0458177737416,0.0,1.4833469993703157,0.17777777777777778,10.453332089249525,0.06938109649067464,3,1.0,1518.3022296715462,2.296376268601208,2.296376268601208,4.092103246184224,3.8333333333333335,26.599179742954988,2720.3433043356044,10.111507876568705,10.111507876568705,1.7176815571055646,11.0,1451.8369830167544,37944.980868923536,2.9455867570125287,2.9455867570125287,0.9084661730657583,3.533333333333333,39.86606691183704,1402.72270428601,truthful
8,1.25,30,-145.23261537290068,0.0,1.088921868639497,0.14444444444444443,15.722328461019723,0.46624025373420996,4,1.0,5095.218989284998,2.3397609730983024,2.3397609730983024,8.193163922871953,3.2333333333333334,50.78832952278469,2896.511789203355,19.525900978395715,19.525900978395715,2.506668992950007,20.0,4990.268530435158,44670.25292552581,2.5976229893752456,2.5976229893752456,0.34917467716993966,3.466666666666667,54.16212932705548,1618.71336585398,truthful
9,1.25,30,-312.22693194099514,0.0,1.3240335212182563,0.2222222222222222,14.964893465636454,0.671975089071302,5,1.0,4957.640135385381,2.666394886838838,2.666394886838838,4.962802245320761,3.6,16.683202949492454,3167.799234032457,21.595663259167257,21.595663259167257,2.728993556631195,22.0,4910.399520293988,54012.991156282216,1.3280249109286981,1.3280249109286981,0.6707496166998353,2.0,30.55741214190006,1667.8374483678017,truthful
10,1.25,30,-261.9737639069003,0.0,2.1773943031513077,0.18888888888888888,10.313478902213316,0.3142033340933831,6,1.0,500.4389889180894,1.9882353338952214,1.9882353338952214,3.2809879072402657,2.5,9.201286876580326,3307.7155971980183,13.756973808448265,13.756973808448265,4.397733859784517,14.0,419.35892630802755,59371.56122952246,2.4131692227408257,2.4131692227408257,0.5126350448198252,3.1666666666666665,71.87877573348155,1825.2097487946985,truthful
11,1.25,30,26.393029816329722,0.0,0.9358930215452986,0.03333333333333333,12.937172897029777,0.8385726041110969,2,1.0,3250.0301652982025,2.172662303977538,2.172662303977538,3.6311209515101956,3.033333333333333,67.56653714933316,3437.8613297106413,17.919813126849274,17.919813126849274,3.5794134504568405,18.0,3023.5442887085374,66024.71602931252,3.118895145602649,3.118895145602649,0.4167423197277285,4.033333333333333,158.91933944033195,2043.6767219722872,truthful
12,1.25,30,-221.5313016551546,0.0,1.3087726500252257,0.18888888888888888,12.81839084026034,0.4008018142423241,1,1.0,2468.1994921012274,4.249066865968629,4.249066865968629,6.847350667994804,5.666666666666667,128.435847359229,4031.766849566079,13.02771845332862,13.02771845332862,2.0480605050185816,14.0,2297.7784811558395,69198.5792985547,2.2487481164324317,2.2487481164324317,0.394125249149873,3.3,41.98516358615876,2224.317621912939,truthful
13,1.25,30,-109.25046359121966,0.0,0.9410497897178263,0.1111111111111111,14.687304181650417,0.94130746502437,2,1.0,4934.667442939734,2.5735450443435783,2.5735450443435783,3.657632403900579,3.2333333333333334,42.54545409988222,4238.855264767524,18.15314647257925,18.15314647257925,3.559308557882082,19.0,4765.301419215815,74780.57136870906,3.1727376239620444,3.1727376239620444,0.418845659566671,4.266666666666667,126.82056962403635,2503.6074681560444,truthful
14,1.25,30,-246.49280714676402,0.0,2.080357149263759,0.18888888888888888,12.79172184413184,0.3522810436612735,4,1.0,694.8489220587749,3.2046197926334847,3.2046197926334847,8.006909599024217,4.733333333333333,44.955437511601815,4648.955837809877,12.718862012288415,12.718862012288415,2.544136210282419,13.0,538.1315386280576,79202.79601487349,3.032092355546232,3.032092355546232,0.3461736536142506,4.366666666666666,111.76194591911553,2789.049620813485,truthful
15,1.25,30,-209.18529114772753,0.0,1.834809104016859,0.16666666666666666,13.664191591744524,0.455105844311745,3,1.0,1318.4103153958536,2.8358750773694266,2.8358750773694266,4.024633675209895,3.966666666666667,42.60166898664153,4943.823303030197,14.366232756033341,14.366232756033341,1.7207301109344637,15.0,1062.2164039069212,84605.38435118156,4.056178794932021,4.056178794932021,0.9207794506763974,5.266666666666667,213.5922425022909,3216.3336279104533,truthful
16,1.25,30,-309.7537862497812,0.0,1.2867245100209155,0.23333333333333334,15.978050603814502,0.16906387108670679,0,1.0,3658.9277361987088,3.0923727413121394,3.0923727413121394,3.658076766994003,4.7,35.5722444498013,5344.275615105407,17.21962792165244,17.21962792165244,2.0142663930424156,18.0,3550.529580046612,90353.45384882727,2.7202927472135183,2.7202927472135183,0.5032642717518468,3.1,72.82591170229514,3396.4949416990153,truthful
17,1.25,30,-190.4637426783093,0.0,1.1063389655781637,0.16666666666666666,16.309834831499856,0.062459182991035984,2,1.0,4963.705274208495,2.970589404974885,2.970589404974885,3.6579237897489607,3.466666666666667,34.13208879303244,5619.084824429763,19.299883606975122,19.299883606975122,3.5268681087344853,20.0,4871.345727154243,97062.0382858581,2.980732759588085,2.980732759588085,0.4272954098123931,3.1,58.22745826121968,3615.4756300794875,truthful
18,1.25,30,56.30341983630489,0.0,0.5974257117097851,0.011111111111111112,10.412780928611477,0.885951326912852,6,1.0,2040.3488640541975,3.22064788267099,3.22064788267099,3.2830899136934715,4.0,134.31215650184163,5871.25041384844,11.485074446258752,11.485074446258752,4.340791992719895,12.0,1837.2488751844785,99359.41621132677,2.046123066833896,2.046123066833896,0.5272656964524434,3.066666666666667,68.78783236787746,3734.931119860328,truthful
19,1.25,30,68.28465997657976,0.0,0.34115285051325583,0.011111111111111112,10.394090298817867,0.976726491180093,6,1.0,3070.4054018256447,2.062295909940088,2.062295909940088,3.303773808904048,3.0,79.89821237556767,5976.95883336748,14.16601991171365,14.16601991171365,4.328342604317452,15.0,2914.0784537900936,102820.04671780781,2.790142310856502,2.790142310856502,0.5271611374472847,3.0,76.4287356599832,3909.61519217743,truthful
0,1.25,30,-382.64774747254035,0.0,1.8529386804188104,0.26666666666666666,10.859491502085094,0.5082351004186157,0,0.65,366.22362394701696,3.6326898826447023,3.6326898826447023,3.6640625000000004,4.533333333333333,32.77450164917411,461.27132239050536,13.943227540327893,9.06309790121313,2.08609375,11.866666666666667,251.01390819389007,4712.775096162839,2.2687961310733886,2.2687961310733886,0.46375000000000005,3.0,82.43521410395279,121.75643769265214,strategic
1,1.25,30,-353.31236431492255,0.0,1.8891228328408962,0.24444444444444444,11.286552345953451,0.2804854683446385,1,0.65,122.1091659558094,2.6350049605113433,2.6350049605113433,8.088487525916353,4.266666666666667,14.47814050159792,784.0738168343593,11.196738677531382,7.277880140395398,1.8338224503272613,11.966666666666667,17.949999999999818,8714.454281396604,2.5998529602757467,2.5998529602757467,0.4132506595459,3.0,89.68102545421166,266.06217866325755,strategic
2,1.25,30,-304.15486240043316,0.0,3.6801322638959064,0.34444444444444444,12.04559877905219,0.23804198883389713,2,0.65,153.12613592318132,3.2847921149528116,3.2847921149528116,4.22145289874919,4.1,73.0697618780863,1115.0334850954687,18.391805794023973,11.954673766115583,3.137774732645232,12.966666666666667,19.449999999999818,15849.41673527193,2.6843342827508163,2.6843342827508163,0.46199832881855496,3.6333333333333333,60.60637404509521,498.04824143800124,strategic
3,1.25,30,-413.68632877204055,0.0,6.677491945245146,0.5222222222222223,11.483192740041266,0.6111898598109721,3,0.65,145.24933823940398,3.819794771431236,3.819794771431236,4.544809145467811,4.433333333333334,49.1779972652086,1573.8881924306143,14.721896524592298,9.569232740984994,1.5541911157351445,13.0,19.5,21571.456379862928,2.0759532668787433,2.0759532668787433,0.9934764313024493,3.1,76.5713409741954,614.5405542835289,strategic
4,1.25,30,-565.6233894143269,0.0,7.041942299615485,0.6111111111111112,11.741350091929137,0.8059053162207594,7,0.65,152.2118816634026,3.1669348732182576,3.1669348732182576,6.937906041014482,4.533333333333333,42.06032575328152,1962.5310094350157,13.906181970181997,9.039018280618299,1.639269615931843,13.0,19.5,26975.367348233907,2.069670175182326,2.069670175182326,0.7693258984287988,3.0,90.6515559101211,710.1593141398171,strategic
5,1.25,30,-316.6591455360921,0.0,6.872622314302176,0.4666666666666667,16.811494036626613,0.4224393497674016,0,0.65,3524.2767761551454,3.3964924480001377,3.3964924480001377,4.21321847764059,4.266666666666667,82.63728108100315,2314.64476169803,29.91184928543409,19.44270203553216,1.8223627298696374,20.0,3357.0604429709856,41565.41647652337,2.5210990041475627,2.5210990041475627,0.5288771739697437,3.0,84.57905210315695,852.4791724099407,strategic
6,1.25,30,-411.3935047401856,0.0,13.308692373526085,0.4777777777777778,11.910610071525035,0.46922944395710353,1,0.65,185.30536593683544,2.2994201620244445,2.2994201620244445,7.720619601982302,3.066666666666667,43.33220341485841,2482.8592131894206,11.250711003655143,7.312962152375843,1.8861248398208896,13.0,19.499999999999545,45933.69376794888,3.056111183714164,3.056111183714164,0.4124052454987654,4.366666666666666,122.47316252197749,1130.3565749545187,strategic
7,1.25,30,-464.2063674582988,0.0,12.881215657730728,0.5111111111111111,11.89510583073871,0.010882648597494216,0,0.65,85.96524665479248,2.296376268601208,2.296376268601208,4.052683940778213,3.8333333333333335,26.599179742954988,2720.3433043356044,10.111507876568705,6.572480119769659,1.866797295754145,13.0,19.500000000000455,49857.68183981067,2.9455867570125287,2.9455867570125287,0.5274257044234338,3.533333333333333,39.86606691183704,1402.72270428601,strategic
8,1.25,30,-405.9480390277378,0.0,14.176721344609433,0.4777777777777778,11.47554591862759,0.37710114513235965,1,0.65,124.45045884983926,2.3397609730983024,2.3397609730983024,7.701978887275841,3.2333333333333334,50.78832952278469,2896.511789203355,19.525900978395715,12.691835635957215,1.8481641240332534,13.0,19.49999999999909,57453.283221385,2.5976229893752456,2.5976229893752456,0.4298563749154882,3.466666666666667,54.16212932705548,1618.71336585398,strategic
9,1.25,30,-624.9436536895734,0.0,19.52613379742967,0.5555555555555556,10.972987505636455,0.671975089071302,2,0.65,856.5195530046952,2.666394886838838,2.666394886838838,3.9958992461526526,3.6,16.683202949492454,3167.799234032457,21.595663259167257,14.037181118458717,3.2665952839404016,15.0,809.2789379133028,66362.05275009696,1.3280249109286981,1.3280249109286981,0.4551476846772679,2.0,30.55741214190006,1667.8374483678017,strategic
10,1.25,30,-626.9898784394104,0.0,26.89353818843913,0.5222222222222223,9.763181822213312,0.3142033340933831,3,0.65,100.58006261006187,1.9882353338952214,1.9882353338952214,4.35974836157977,2.5,9.201286876580326,3307.7155971980183,13.756973808448265,8.942032975491372,1.6105542428536077,13.0,19.5,71707.77253539179,2.4131692227408257,2.4131692227408257,0.9709953095127222,3.1666666666666665,71.87877573348155,1825.2097487946985,strategic
11,1.25,30,-362.3025143977053,0.0,27.232441734227375,0.36666666666666664,10.10007949702978,0.8385726041110969,2,0.65,245.9858765896642,2.172662303977538,2.172662303977538,3.9443454574142756,3.033333333333333,67.56653714933316,3437.8613297106413,17.919813126849274,11.647878532452028,3.3152579824411292,13.0,19.49999999999909,78676.999654863,3.118895145602649,3.118895145602649,0.4485554182369442,4.033333333333333,158.91933944033195,2043.6767219722872,strategic
12,1.25,30,-600.5673582230003,0.0,27.579859908981845,0.5222222222222223,12.288940293054356,0.30357365957518595,0,0.65,189.92101094538822,4.249066865968629,4.249066865968629,3.9087711675701837,5.666666666666667,128.435847359229,4031.766849566079,13.02771845332862,8.468016994663603,1.8973929005058974,13.0,19.500000000000455,83738.30985166116,2.2487481164324317,2.2487481164324317,0.5310989362677683,3.3,41.98516358615876,2224.317621912939,strategic
13,1.25,30,-495.19687421432,0.0,26.97014065243162,0.4444444444444444,11.580167101950915,0.5424471781998556,2,0.65,188.86602372391857,2.5735450443435783,2.5735450443435783,3.9774228051028353,3.2333333333333334,42.54545409988222,4238.855264767524,18.15314647257925,11.799545207176514,3.2904097212824235,13.0,19.5,90798.53697596707,3.1727376239620444,3.1727376239620444,0.45111798985735946,4.266666666666667,126.82056962403635,2503.6074681560444,strategic
14,1.25,30,-626.4884574562991,0.0,29.821006901844555,0.5222222222222223,12.79172184413184,0.3522810436612735,4,0.65,176.2173834307178,3.2046197926334847,3.2046197926334847,8.698303545661437,4.733333333333333,44.955437511601815,4648.955837809877,12.718862012288415,8.26726030798747,2.3521608450330893,13.0,19.500000000000455,95739.39316075956,3.032092355546232,3.032092355546232,0.37326315228188717,4.366666666666666,111.76194591911553,2789.049620813485,strategic
15,1.25,30,-594.3700490546352,0.0,31.455530444760182,0.5,12.359442031744527,0.455105844311745,1,0.65,275.69391148893243,2.8358750773694266,2.8358750773694266,7.555349421960766,3.966666666666667,42.60166898664153,4943.823303030197,14.366232756033341,9.338051291421673,1.8685828988586595,13.0,19.5,101322.72393561256,4.056178794932021,4.056178794932021,0.42970401610400755,5.266666666666667,213.5922425022909,3216.3336279104533,strategic
16,1.25,30,-705.0152962014369,0.0,31.965570973919633,0.5666666666666667,12.525477503814502,0.16906387108670679,3,0.65,127.89815615209645,3.0923727413121394,3.0923727413121394,4.369782607461413,4.7,35.5722444498013,5344.275615105407,17.21962792165244,11.192758149074086,1.5779849866064408,13.0,19.5,108018.87882505702,2.7202927472135183,2.7202927472135183,1.006802100564958,3.1,72.82591170229514,3396.4949416990153,strategic
17,1.25,30,-589.1958524760165,0.0,36.92439965643265,0.5,11.642069858015448,0.009329490679333648,5,0.65,111.85954705425212,2.970589404974885,2.970589404974885,5.36347626927612,3.466666666666667,34.13208879303244,5619.084824429763,19.299883606975122,12.544924344533829,2.507766437186733,13.0,19.5,115526.33343177731,2.980732759588085,2.980732759588085,0.7337775484315642,3.1,58.22745826121968,3615.4756300794875,strategic
18,1.25,30,-329.89662206257094,0.0,40.26527958089804,0.34444444444444444,11.492712403920786,0.6385551165023098,6,0.65,222.59998886971908,3.22064788267099,3.22064788267099,3.5647569017404463,4.0,134.31215650184163,5871.25041384844,11.485074446258752,7.465298390068189,4.002791568426483,13.0,19.5,119986.01246581823,2.046123066833896,2.046123066833896,0.5701439209112675,3.066666666666667,68.78783236787746,3734.931119860328,strategic
19,1.25,30,-323.6448935391589,0.0,44.494775365112766,0.34444444444444444,9.589917614248812,0.6689980313798302,7,0.65,175.82694803555086,2.062295909940088,2.062295909940088,6.5835904780470536,3.0,79.89821237556767,5976.95883336748,14.16601991171365,9.207912942613873,1.6693535464446756,13.0,19.5,125491.26023138655,2.790142310856502,2.790142310856502,0.7868189969701238,3.0,76.4287356599832,3909.61519217743,strategic
0,1.25,60,-333.7436216598079,0.0,1.3406473168654895,0.14444444444444443,12.144578238784485,0.25261573059319237,0,1.0,5372.334033201928,2.7514207431379964,2.7514207431379964,3.6640625000000004,3.2666666666666666,73.53664565841211,465.7418199966352,13.444480475509735,13.444480475509735,2.08609375,14.0,4891.639087164243,6401.724512263936,5.467931378734844,5.467931378734844,0.46375000000000005,7.1,407.1583003792721,1922.180466961771,truthful
1,1.25,60,-574.5293692930796,0.0,1.727278216776012,0.2111111111111111,14.976458937082963,0.017783457285870528,0,1.0,9104.586714941199,2.6196906732554974,2.6196906732554974,3.6148259686392095,3.933333333333333,37.65751239963345,1046.3313064852991,19.930539534900277,19.930539534900277,1.8415904335285795,20.0,8993.196186635349,21325.17576750891,2.9782128262134524,2.9782128262134524,0.6022987463366603,3.8666666666666667,73.73301590621668,2539.392826737075,truthful
2,1.25,60,-1386.9998913438353,0.0,3.458326771932235,0.3055555555555556,17.389510051703194,0.2302711753704663,3,1.0,8002.249593135333,15.120539174396614,15.120539174396614,3.8786687371305053,16.0,2837.462610310975,12724.586303595075,14.298635226863478,14.298635226863478,1.6721023269510236,15.0,5127.310077481867,29066.637394204172,1.7969892530476248,1.7969892530476248,1.0121366812301131,2.283333333333333,37.47690534249119,2748.1034490621087,truthful
3,1.25,60,-1354.9124248527046,0.0,3.6113765958089794,0.29444444444444445,15.026765605638328,0.5064086817289254,3,1.0,5139.613884301613,3.311562616995374,3.311562616995374,4.96597719209958,9.616666666666667,50.45785233759443,14584.900081263811,13.13183056857168,13.13183056857168,1.521047910392139,14.0,5065.422938331525,35031.952133472856,1.7950698391168372,1.7950698391168372,0.9331525373537305,2.966666666666667,23.733093632493137,3043.8927867924126,truthful
4,1.25,60,-572.3153549971324,0.2,3.8449107472403456,0.35555555555555557,30.492660926608647,0.11025105047974329,1,1.0,45860.000793053514,4.582591648862081,4.582591648862081,8.378573108478113,5.566666666666666,230.0150944745717,15885.470597509175,50.54686914719742,50.54686914719742,1.8262317195394195,41.3,45523.741417652185,114763.35246257589,2.8570806065728336,2.8570806065728336,0.3994207310994511,3.1333333333333333,106.24428092676277,3474.7796599013423,truthful
5,1.25,60,-595.6899500743635,0.0,13.743143391849273,0.4166666666666667,11.5429294479018,1.1651933483861407,0,1.0,471.73780705442164,3.188714222202181,3.188714222202181,3.9686804936417195,4.25,255.60801294289377,16442.984711227837,10.2463628938177,10.2463628938177,1.9901647174549832,13.0,38.99999999999909,122716.5155197537,2.031640298920413,2.031640298920413,0.472757575337476,3.0,177.1297941115288,3663.3451195954876,truthful
6,1.25,60,-628.151026666894,0.0,12.218556275736828,0.43333333333333335,10.415046043674431,0.6231178314614569,0,1.0,421.60322569915013,3.2777481068559666,3.2777481068559666,3.985651474555159,4.133333333333334,233.90421383299076,17021.962027895126,10.618750452354943,10.618750452354943,1.9791234077885613,13.0,39.0,130960.14087259055,2.4272971534066885,2.4272971534066885,0.4763269585992064,3.283333333333333,148.69901186615937,3992.823646950446,truthful
7,1.25,60,-634.5521107073856,0.0,10.525614748801448,0.45555555555555555,13.157695142234815,0.56703714552325,0,1.0,2876.1164078541196,2.220255499524159,2.220255499524159,3.997309647556947,3.1666666666666665,103.63483229186033,17340.175740512856,12.750316779617336,12.750316779617336,1.9671961461528416,13.0,39.0,140866.38796069208,12.156628814657724,12.156628814657724,0.4811171860289589,13.0,2733.4815755622594,10741.512546821214,truthful
8,1.25,60,-361.1727144168277,0.0,7.669095368927958,0.3888888888888889,11.501708607916594,0.5422949137533389,0,1.0,568.3982403232524,3.2512866214554768,3.2512866214554768,3.897075952385864,4.116666666666666,277.5565885462021,17865.686947466158,10.531022585492844,10.531022585492844,1.9055553255423663,13.0,39.0,149041.5855773765,3.6258596889613544,3.6258596889613544,0.528341114450859,4.533333333333333,251.8416517770503,11475.904730441653,truthful
9,1.25,60,-812.5711740478399,0.0,5.347500667021175,0.5222222222222223,11.64950380784925,0.13432021219650184,0,1.0,980.7221915106128,2.3488064999101486,2.3488064999101486,3.907067352279594,3.2666666666666666,55.12959067010331,18270.923430778443,13.000105508882038,13.000105508882038,1.8942213398614498,14.0,794.7248827037693,159166.94932213365,2.8169528094179324,2.8169528094179324,0.5330452338323841,3.3,130.86771813674022,11902.793668569662,truthful
0,1.25,60,-363.35728809616046,0.0,2.5655594482058786,0.14444444444444443,11.413578197876184,0.16285462061822872,0,0.65,621.4757797080243,2.7514207431379964,2.7514207431379964,3.6640625000000004,3.2666666666666666,73.53664565841211,465.7418199966352,13.444480475509735,8.738912309081329,2.08609375,12.533333333333333,140.78083367034014,9969.468483912982,5.467931378734844,5.467931378734844,0.46375000000000005,7.1,407.1583003792721,1922.180466961771,strategic
1,1.25,60,-958.2827535108731,0.0,9.019617672183868,0.5166666666666667,11.033807641039594,0.00852206193924073,1,0.65,150.39052830585013,2.6196906732554974,2.6196906732554974,7.249508659009003,3.933333333333333,37.65751239963345,1046.3313064852991,19.930539534900277,12.95485069768518,1.6957519797657854,13.0,39.0,25476.28932113519,2.9782128262134524,2.9782128262134524,0.5221827663066776,3.8666666666666667,73.73301590621668,2539.392826737075,strategic
2,1.25,60,-1914.477418943723,0.0,17.482983575540572,0.6388888888888888,16.315179412576146,0.09812618290635393,3,0.65,2913.939515653466,15.120539174396614,15.120539174396614,4.136738908142062,16.0,2837.462610310975,12724.586303595075,14.298635226863478,9.294112897461261,1.542896950466879,13.0,39.0,36590.224798088704,1.7969892530476248,1.7969892530476248,1.102794571982076,2.283333333333333,37.47690534249119,2748.1034490621087,strategic
3,1.25,60,-1864.6151730529243,0.0,17.076268235657906,0.6277777777777778,14.956344784671208,0.03735398802358573,3,0.65,113.19094597008666,3.311562616995374,3.311562616995374,5.462384988112649,9.616666666666667,50.45785233759443,14584.900081263811,13.13183056857168,8.535689869571591,1.3731079304324667,13.0,38.99999999999909,46794.05264157461,1.7950698391168372,1.7950698391168372,0.9896486889560282,2.966666666666667,23.733093632493137,3043.8927867924126,strategic
4,1.25,60,-876.0140324712501,0.0,12.394777603358769,0.5222222222222223,25.066303628608644,0.11263304037019606,0,0.65,27502.800478730434,4.582591648862081,4.582591648862081,4.859149741799028,5.566666666666666,230.0150944745717,15885.470597509175,50.54686914719742,32.85546494567832,1.6519352378935357,33.0,27163.508580184614,119713.34497284089,2.8570806065728336,2.8570806065728336,0.5302154465131553,3.15,109.27680407124637,3474.6042173634314,strategic
5,1.25,60,-866.8608894423552,0.0,38.57067109878526,0.4166666666666667,11.5429294479018,1.1651933483861407,1,0.65,471.73780705442255,3.188714222202181,3.188714222202181,8.308633788652317,4.25,255.60801294289377,16442.984711227837,10.2463628938177,6.660135880981505,1.830984321734548,13.0,39.0,127666.5080300187,2.031640298920413,2.031640298920413,0.4014961951605927,3.0,177.1297941115288,3663.169677057577,strategic
6,1.25,60,-937.0672087797357,0.0,42.07205277377084,0.43333333333333335,10.415046043674431,0.6231178314614569,0,0.65,421.60322569915013,3.2777481068559666,3.2777481068559666,4.391867967183304,4.133333333333334,233.90421383299076,17021.962027895126,10.618750452354943,6.902187794030714,1.8177492891899714,13.0,39.0,135910.13338285554,2.4272971534066885,2.4272971534066885,0.5063504057997377,3.283333333333333,148.69901186615937,3992.648204412535,strategic
7,1.25,60,-988.5092094045846,0.0,40.34116282057194,0.45555555555555555,13.157695142234815,0.56703714552325,1,0.65,2876.1164078541206,2.220255499524159,2.220255499524159,8.365961549487594,3.1666666666666665,103.63483229186033,17340.175740512856,12.750316779617336,8.287705906751269,1.8036025366100685,13.0,39.00000000000091,145816.38047095705,12.156628814657724,12.156628814657724,0.4099121050370421,13.0,2733.4815755622594,10741.337104283302,strategic
8,1.25,60,-762.2529008172471,0.0,35.08626713317478,0.3888888888888889,11.501708607916594,0.5422949137533389,2,0.65,568.3982403232524,3.2512866214554768,3.2512866214554768,4.247112119029477,4.116666666666666,277.5565885462021,17865.686947466158,10.531022585492844,6.845164680570349,3.033296193080819,13.0,39.0,153991.57808764148,3.6258596889613544,3.6258596889613544,0.48627003810666264,4.533333333333333,251.8416517770503,11475.729287903741,strategic
9,1.25,60,-1273.6684909211617,0.0,33.64438815467724,0.5222222222222223,11.00942435384925,0.13432021219650184,3,0.65,224.99730880684353,2.3488064999101486,2.3488064999101486,4.681968951426753,3.2666666666666666,55.12959067010331,18270.923430778443,13.000105508882038,8.450068580773324,1.4623560902585855,13.0,39.0,164092.66038456946,2.8169528094179324,2.8169528094179324,1.0688071948770594,3.3,130.86771813674022,11902.618226031751,strategic
